Name,Origin,Name,Transliteration
Britain_Adlestrop,Britain,Adlestrop,Aethel’s Village
Britain_Aldborough,Britain,Aldborough,Old Fort or Settlement
Britain_Aldwark,Britain,Aldwark,Old Work (Fortification)
Britain_Alfriston,Britain,Alfriston,Aelfric’s Town
Britain_Alnwick,Britain,Alnwick,By the River Aln
Britain_Ampthill,Britain,Ampthill,Ant Hill
Britain_Ardingly,Britain,Ardingly,Earda’s Meadow
Britain_Ashby,Britain,Ashby,Ash Tree Settlement
Britain_Atherstone,Britain,Atherstone,Aethelred’s Town
Britain_Bampton,Britain,Bampton,Beam Town (Tree or Timber Town)
Britain_Barton,Britain,Barton,Barley Town
Britain_Beckington,Britain,Beckington,Becca’s Town
Britain_Bedwyn,Britain,Bedwyn,Beda’s Settlement
Britain_Bewdley,Britain,Bewdley,Beautiful Meadow
Britain_Biddulph,Britain,Biddulph,Bidi’s Wolf
Britain_Binham,Britain,Binham,Binna’s Homestead
Britain_Blanchland,Britain,Blanchland,White Land
Britain_Bletchingley,Britain,Bletchingley,Blaecc’s Meadow
Britain_Chalfont,Britain,Chalfont,Chalk Spring
Britain_Charlbury,Britain,Charlbury,Ceorl’s Fort
Britain_Chepstow,Britain,Chepstow,Market Place
Britain_Chewton,Britain,Chewton,Ceawa’s Town
Britain_Chiddingfold,Britain,Chiddingfold,Cida’s Fold
Britain_Chipping_Norton,Britain,Chipping Norton,Market at Norton
Britain_Chulmleigh,Britain,Chulmleigh,Ceolmund’s Meadow
Britain_Cleobury,Britain,Cleobury,Clay Fort
Britain_Cricklade,Britain,Cricklade,Creek Hill
Britain_Deddington,Britain,Deddington,Daeda’s Town
Britain_Denby,Britain,Denby,Dane’s Settlement
Britain_Dilwyn,Britain,Dilwyn,Ditch Meadow
Britain_Ditchling,Britain,Ditchling,Dic’s Meadow
Britain_Dolton,Britain,Dolton,Dale Town
Britain_Donnington,Britain,Donnington,Dunn’s Town
Britain_Droitwich,Britain,Droitwich,Right Saltworks
Britain_Dunstable,Britain,Dunstable,Dun’s Hill
Britain_Dymock,Britain,Dymock,Dim Oak
Britain_Easby,Britain,Easby,East Settlement
Britain_Easingwold,Britain,Easingwold,Easing’s Forest Clearing
Britain_Edington,Britain,Edington,Ead’s Town
Britain_Elmley,Britain,Elmley,Elm Meadow
Britain_Elton,Britain,Elton,Ella’s Town
Britain_Epworth,Britain,Epworth,Eoppa’s Enclosure
Britain_Evenlode,Britain,Evenlode,Even River
Britain_Evercreech,Britain,Evercreech,Evergreen Stream
Britain_Ewhurst,Britain,Ewhurst,Yew Wood
Britain_Finchale,Britain,Finchale,Finch Valley
Britain_Fletching,Britain,Fletching,Flecca’s People
Britain_Flitwick,Britain,Flitwick,River Fort
Britain_Fotheringhay,Britain,Fotheringhay,Fodder Meadow
Britain_Framlingham,Britain,Framlingham,Fram’s Homestead
Britain_Fremington,Britain,Fremington,Fram’s Town
Britain_Frithelstock,Britain,Frithelstock,Frithel’s Stockade
Britain_Frodsham,Britain,Frodsham,Frod’s Homestead
Britain_Fylingdales,Britain,Fylingdales,Fygel’s Valleys
Britain_Garsington,Britain,Garsington,Grass Town
Britain_Giggleswick,Britain,Giggleswick,Gikel’s Dairy Farm
Britain_Gisburn,Britain,Gisburn,Gisa’s Stream
Britain_Glastonbury,Britain,Glastonbury,Glass Fort
Britain_Goring,Britain,Goring,Gara’s People
Britain_Goxhill,Britain,Goxhill,Gawk’s Hill
Britain_Grasmere,Britain,Grasmere,Grass Lake
Britain_Grendon,Britain,Grendon,Green Hill
Britain_Gretton,Britain,Gretton,Great Town
Britain_Halesworth,Britain,Halesworth,Hael’s Enclosure
Britain_Hambledon,Britain,Hambledon,Crooked Hill
Britain_Harbury,Britain,Harbury,Army Fort
Britain_Harlech,Britain,Harlech,High Rock
Britain_Haworth,Britain,Haworth,Hedge Enclosure
Britain_Haxey,Britain,Haxey,Haki’s Island
Britain_Hedon,Britain,Hedon,Heath Hill
Britain_Hemingford,Britain,Hemingford,Heming’s Ford
Britain_Hethersett,Britain,Hethersett,Heather Settlement
Britain_Ickford,Britain,Ickford,Ica’s Ford
Britain_Ickleford,Britain,Ickleford,Icel’s Ford
Britain_Ilminster,Britain,Ilminster,Church on the River Isle
Britain_Ingleton,Britain,Ingleton,Ing’s Town
Britain_Inkberrow,Britain,Inkberrow,Ink’s Barrow
Britain_Inkpen,Britain,Inkpen,Ink Hill
Britain_Ipplepen,Britain,Ipplepen,Ippa’s Pen
Britain_Ivinghoe,Britain,Ivinghoe,Ifa’s Hill
Britain_Iwerne,Britain,Iwerne,Yew River
Britain_Jedburgh,Britain,Jedburgh,None
Britain_Keld,Britain,Keld,Spring
Britain_Kelston,Britain,Kelston,Calf’s Town
Britain_Kewstoke,Britain,Kewstoke,Quay Stockade
Britain_Kexby,Britain,Kexby,Kex Settlement
Britain_Kimbolton,Britain,Kimbolton,Cynebald’s Town
Britain_Kimpton,Britain,Kimpton,Cyne’s Town
Britain_Kington,Britain,Kington,King’s Town
Britain_Kirkby,Britain,Kirkby,Church Settlement
Britain_Knaresborough,Britain,Knaresborough,Knar’s Fort
Britain_Langport,Britain,Langport,Long Market
Britain_Lavenham,Britain,Lavenham,Lafa’s Homestead
Britain_Leckhampstead,Britain,Leckhampstead,Leek Homestead
Britain_Ledbury,Britain,Ledbury,Fort by the River Leadon
Britain_Lidgate,Britain,Lidgate,Swing Gate
Britain_Linton,Britain,Linton,Flax Town
Britain_Louth,Britain,Louth,Loud Stream
Britain_Lydford,Britain,Lydford,Loud Ford
Britain_Lympstone,Britain,Lympstone,Limp’s Stone
Britain_Mablethorpe,Britain,Mablethorpe,Mabil’s Outlying Farm
Britain_Maldon,Britain,Maldon,Hill with a Cross
Britain_Marazion,Britain,Marazion,Little Market
Britain_Marden,Britain,Marden,Boundary Hill
Britain_Masham,Britain,Masham,Maessa’s Homestead
Britain_Mawnan,Britain,Mawnan,None
Britain_Mevagissey,Britain,Mevagissey,Meva and Issa’s Place
Britain_Morwenstow,Britain,Morwenstow,Morwenna’s Place
Britain_Mottisfont,Britain,Mottisfont,Meeting Spring
Britain_Nafferton,Britain,Nafferton,Night Fort
Britain_Nantwich,Britain,Nantwich,Famous Saltworks
Britain_Neatishead,Britain,Neatishead,Nyat’s Headland
Britain_Neston,Britain,Neston,Near the Settlement
Britain_Nettlebed,Britain,Nettlebed,Nettle Place
Britain_Ninfield,Britain,Ninfield,Nine Fields
Britain_Norham,Britain,Norham,North Homestead
Britain_Nunnington,Britain,Nunnington,Nunna’s Town
Britain_Nympsfield,Britain,Nympsfield,Nymph’s Field
Britain_Offley,Britain,Offley,Offa’s Meadow
Britain_Okehampton,Britain,Okehampton,Oak Hamlet
Britain_Olney,Britain,Olney,Ola’s Island
Britain_Ombersley,Britain,Ombersley,Ombe’s Meadow
Britain_Orford,Britain,Orford,Ore Ford
Britain_Oswestry,Britain,Oswestry,Oswald’s Tree
Britain_Otterburn,Britain,Otterburn,Otter Stream
Britain_Ottery,Britain,Ottery,Otter River
Britain_Oundle,Britain,Oundle,None
Britain_Pamber,Britain,Pamber,None
Britain_Pateley,Britain,Pateley,Pate’s Meadow
Britain_Penshurst,Britain,Penshurst,Pen’s Hill Fort
Britain_Pershore,Britain,Pershore,Pear Tree Enclosure
Britain_Petham,Britain,Petham,Peoht’s Homestead
Britain_Pilton,Britain,Pilton,Pile Town
Britain_Pleshey,Britain,Pleshey,Plesa’s Hedge
Britain_Pocklington,Britain,Pocklington,Pockel’s Town
Britain_Puddletown,Britain,Puddletown,Pudda’s Town
Britain_Quedgeley,Britain,Quedgeley,Cwead’s Meadow
Britain_Raskelf,Britain,Raskelf,Roe Deer Wood
Britain_Ravenglass,Britain,Ravenglass,Raven’s Share
Britain_Reeth,Britain,Reeth,Stream
Britain_Rillington,Britain,Rillington,Rilla’s Town
Britain_Risby,Britain,Risby,Brushwood Settlement
Britain_Rodborough,Britain,Rodborough,Red Fort
Britain_Rodmell,Britain,Rodmell,Red Hill
Britain_Ropley,Britain,Ropley,Rope Meadow
Britain_Rugeley,Britain,Rugeley,Ridge Meadow
Britain_Sawtry,Britain,Sawtry,Salt Marsh
Britain_Saxmundham,Britain,Saxmundham,Saxmund’s Homestead
Britain_Sedbergh,Britain,Sedbergh,Flat Hill
Britain_Sedgefield,Britain,Sedgefield,Sedge Plain
Britain_Seend,Britain,Seend,Sandy Place
Britain_Selsey,Britain,Selsey,Seal Island
Britain_Shalbourne,Britain,Shalbourne,Shallow Stream
Britain_Shap,Britain,Shap,Sheep
Britain_Tanworth,Britain,Tanworth,Tan’s Enclosure
Britain_Tarvin,Britain,Tarvin,Boundary Village
Britain_Tenterden,Britain,Tenterden,Tent Pasture
Britain_Tewkesbury,Britain,Tewkesbury,Teodec’s Fort
Britain_Thame,Britain,Thame,River Tame
Britain_Tideswell,Britain,Tideswell,Tid’s Well
Britain_Timsbury,Britain,Timsbury,Timber Fort
Britain_Tockenham,Britain,Tockenham,Tocca’s Homestead
Britain_Udimore,Britain,Udimore,Ude’s Moor
Britain_Uffculme,Britain,Uffculme,Uffa’s Valley
Britain_Uley,Britain,Uley,Yew Meadow
Britain_Ulverston,Britain,Ulverston,Ulfr’s Town
Britain_Upham,Britain,Upham,Upper Settlement
Britain_Uppingham,Britain,Uppingham,Upper Settlement
Britain_Urchfont,Britain,Urchfont,Church Spring
Britain_Utkinton,Britain,Utkinton,Ucca’s Town
Britain_Ventnor,Britain,Ventnor,None
Britain_Wansford,Britain,Wansford,Wand’s Ford
Britain_Wantage,Britain,Wantage,Wæcca’s People
Britain_Warkworth,Britain,Warkworth,Wærc’s Enclosure
Britain_Wem,Britain,Wem,Stain or Marsh
Britain_Weobley,Britain,Weobley,Wibba’s Meadow
Britain_Wetheral,Britain,Wetheral,Sheep Corner
Britain_Winkleigh,Britain,Winkleigh,Wineca’s Meadow
Britain_Wrotham,Britain,Wrotham,Wrota’s Homestead
Britain_Yanworth,Britain,Yanworth,Yana’s Enclosure
Britain_Yarmouth,Britain,Yarmouth,Mouth of the River Yar
Britain_Yarnton,Britain,Yarnton,Yard Town
Britain_Yattendon,Britain,Yattendon,Gate Valley
Britain_Yealmpton,Britain,Yealmpton,Yealm Town
Britain_Yeldersley,Britain,Yeldersley,Yielders’ Meadow
Britain_Yetminster,Britain,Yetminster,Gate Church
Britain_Yoxford,Britain,Yoxford,Yoke Ford
China_An_chi,China,An-chi,Peaceful Stream
China_Ch_ang_hsi,China,Ch’ang-hsi,Long Stream
China_Ch_ang_ning,China,Ch’ang-ning,Eternal Peace
China_Ch_ang_shan,China,Ch’ang-shan,Long Mountain
China_Ch_ang_t_ing,China,Ch’ang-t’ing,Eternal Pavilion
China_Ch_ang_yang,China,Ch’ang-yang,Long Sun
China_Ch_ien_shan,China,Ch’ien-shan,Thousand Mountains
China_Ch_ien_t_ang,China,Ch’ien-t’ang,Thousand Pools
China_Ch_ien_yang,China,Ch’ien-yang,Thousand Suns
China_Ch_ing_ch_uan,China,Ch’ing-ch’uan,Clear Spring
China_Ch_ing_feng,China,Ch’ing-feng,Clear Peak
China_Ch_ing_hsi,China,Ch’ing-hsi,Clear Stream
China_Ch_ing_yuan,China,Ch’ing-yuan,Clear Source
China_Ch_uan_chou,China,Ch’uan-chou,Spring Prefecture
China_Ch_uan_hsi,China,Ch’uan-hsi,Spring Stream
China_Ch_uan_sha,China,Ch’uan-sha,Spring Sand
China_Ch_uan_yang,China,Ch’uan-yang,Spring Sun
China_Chang_lo,China,Chang-lo,Long Happiness
China_Feng_hsiang,China,Feng-hsiang,Phoenix Soaring
China_Fu_ning,China,Fu-ning,Prosperous Peace
China_Hsiang_ch_eng,China,Hsiang-ch’eng,Fragrant City
China_Hsiang_fu,China,Hsiang-fu,Fragrant Prefecture
China_Hsiang_hsi,China,Hsiang-hsi,Fragrant Stream
China_Hsiang_shan,China,Hsiang-shan,Fragrant Mountain
China_Hsiang_t_an,China,Hsiang-t’an,Fragrant Pool
China_Hsiang_yang,China,Hsiang-yang,Fragrant Sun
China_Hsiang_yin,China,Hsiang-yin,Fragrant Sound
China_Hsin_ch_eng,China,Hsin-ch’eng,New City
China_Hsin_chu,China,Hsin-chu,New Bamboo
China_Hsin_feng,China,Hsin-feng,New Peak
China_Hsin_hsing,China,Hsin-hsing,New Prosperity
China_Hsi_ning,China,Hsi-ning,Western Peace
China_Hsin_ning,China,Hsin-ning,New Peace
China_Hsin_shan,China,Hsin-shan,New Mountain
China_Hsin_yang,China,Hsin-yang,New Sun
China_Hsin_yuan,China,Hsin-yuan,New Source
China_Hsiu_ning,China,Hsiu-ning,Elegant Peace
China_K_ai_ch_eng,China,K’ai-ch’eng,Open City
China_K_ai_feng,China,K’ai-feng,Open Abundance
China_K_ai_hua,China,K’ai-hua,Open Flower
China_K_ai_yuan,China,K’ai-yuan,Open Source
China_Kan_chou,China,Kan-chou,Sweet Prefecture
China_Kao_ch_eng,China,Kao-ch’eng,High City
China_Kao_yang,China,Kao-yang,High Sun
China_Kao_yu,China,Kao-yu,High Abundance
China_Kuan_ch_eng,China,Kuan-ch’eng,Pass City
China_Kuan_shan,China,Kuan-shan,Pass Mountain
China_Kuan_yang,China,Kuan-yang,Pass Sun
China_Kuan_yin,China,Kuan-yin,Goddess of Mercy
China_Kuei_chi,China,Kuei-chi,Laurel Stream
China_Kuei_hua,China,Kuei-hua,Laurel Flower
China_Kuei_lin,China,Kuei-lin,Laurel Forest
China_Kuei_shan,China,Kuei-shan,Laurel Mountain
China_Kuei_yang,China,Kuei-yang,Laurel Sun
China_Lan_ch_i,China,Lan-ch’i,Orchid Stream
China_Lien_chiang,China,Lien-chiang,Lotus River
China_Lien_hsiang,China,Lien-hsiang,Lotus Village
China_Lin_ch_ing,China,Lin-ch’ing,Forest Clarity
China_Lin_ch_uan,China,Lin-ch’uan,Forest Spring
China_Lin_hai,China,Lin-hai,Forest Sea
China_Lin_yang,China,Lin-yang,Forest Sun
China_Liu_ch_eng,China,Liu-ch’eng,Willow City
China_Liu_hsi,China,Liu-hsi,Willow Stream
China_Liu_shan,China,Liu-shan,Willow Mountain
China_Liu_yang,China,Liu-yang,Willow Sun
China_Lung_ch_ing,China,Lung-ch’ing,Dragon Clarity
China_Lung_ch_uan,China,Lung-ch’uan,Dragon Spring
China_Lung_hsi,China,Lung-hsi,Dragon Stream
China_Lung_shan,China,Lung-shan,Dragon Mountain
China_Lung_t_ai,China,Lung-t’ai,Dragon Terrace
China_Lung_yen,China,Lung-yen,Dragon Rock
China_Mei_hsien,China,Mei-hsien,Plum County
China_Ming_hsi,China,Ming-hsi,Bright Stream
China_Mu_yang,China,Mu-yang,Shepherd Sun
China_Nan_ch_ang,China,Nan-ch’ang,Southern Prosperity
China_Nan_ch_ing,China,Nan-ch’ing,Southern Clarity
China_Nan_hai,China,Nan-hai,Southern Sea
China_Nan_hsi,China,Nan-hsi,Southern Stream
China_Nan_hsing,China,Nan-hsing,Southern Prosperity
China_Nan_k_ang,China,Nan-k’ang,Southern Health
China_Nan_p_ing,China,Nan-p’ing,Southern Peace
China_Nan_shan,China,Nan-shan,Southern Mountain
China_Nan_t_ung,China,Nan-t’ung,Southern Passage
China_Nan_yang,China,Nan-yang,Southern Sun
China_Ning_ch_eng,China,Ning-ch’eng,Peaceful City
China_Ning_hai,China,Ning-hai,Peaceful Sea
China_Ning_po,China,Ning-po,Peaceful Wave
China_Ning_yuan,China,Ning-yuan,Peaceful Source
China_P_ing_ch_ing,China,P’ing-ch’ing,Peaceful Clarity
China_P_ing_hsiang,China,P’ing-hsiang,Peaceful Village
China_P_ing_hu,China,P’ing-hu,Peaceful Lake
China_P_ing_shan,China,P’ing-shan,Peaceful Mountain
China_P_ing_tu,China,P’ing-tu,Peaceful Capital
China_P_ing_yang,China,P’ing-yang,Peaceful Sun
China_P_u_ch_eng,China,P’u-ch’eng,Simple City
China_P_u_hsi,China,P’u-hsi,Universal Stream
China_P_u_t_ien,China,P’u-t’ien,Universal Field
China_P_u_yang,China,P’u-yang,Universal Sun
China_Pai_sha,China,Pai-sha,White Sand
China_Pao_an,China,Pao-an,Treasure Peace
China_Pao_ch_ing,China,Pao-ch’ing,Treasure Clarity
China_Pao_feng,China,Pao-feng,Treasure Peak
China_Pao_hsing,China,Pao-hsing,Treasure Prosperity
China_Pao_shan,China,Pao-shan,Treasure Mountain
China_Pao_ting,China,Pao-ting,Treasure Stability
China_Pao_yang,China,Pao-yang,Treasure Sun
China_San_ming,China,San-ming,Three Brightness
China_Shan_ch_ing,China,Shan-ch’ing,Mountain Clarity
China_Shan_hsi,China,Shan-hsi,Mountain Stream
China_Shan_t_ung,China,Shan-t’ung,Mountain Passage
China_Shan_yang,China,Shan-yang,Mountain Sun
China_Shan_yin,China,Shan-yin,Mountain Shadow
China_Shao_ch_eng,China,Shao-ch’eng,Shao’s City
China_Shao_hsi,China,Shao-hsi,Shao’s Stream
China_Shao_hsing,China,Shao-hsing,Shao’s Prosperity
China_Shao_hsing_2,China,Shao-hsing,Shao’s Prosperity
China_Shao_t_ai,China,Shao-t’ai,Shao’s Terrace
China_Shao_wu,China,Shao-wu,Shao’s Military
China_Shao_yang,China,Shao-yang,Shao’s Sun
China_Shih_ch_eng,China,Shih-ch’eng,Stone City
China_Shih_men,China,Shih-men,Stone Gate
China_Shih_t_ai,China,Shih-t’ai,Stone Terrace
China_Shih_yang,China,Shih-yang,Stone Sun
China_Sui_ch_ang,China,Sui-ch’ang,Peaceful Prosperity
China_Sui_ch_uan,China,Sui-ch’uan,Peaceful Spring
China_Sui_feng,China,Sui-feng,Peaceful Peak
China_Sui_hsiang,China,Sui-hsiang,Peaceful Village
China_Sui_ning,China,Sui-ning,Peaceful Compliance
China_Sui_shan,China,Sui-shan,Peaceful Mountain
China_Sui_yang,China,Sui-yang,Peaceful Sun
China_T_ai_ho,China,T’ai-ho,Great Harmony
China_T_ai_hsi,China,T’ai-hsi,Great Stream
China_T_ai_p_ing,China,T’ai-p’ing,Great Peace
China_T_ai_shun,China,T’ai-shun,Great Obedience
China_T_ai_yuan,China,T’ai-yuan,Great Source
China_T_ien_t_ai,China,T’ien-t’ai,Heavenly Terrace
China_T_ung_ch_eng,China,T’ung-ch’eng,Unified City
China_T_ung_hsiang,China,T’ung-hsiang,Unified Village
China_T_ung_shan,China,T’ung-shan,Unified Mountain
China_T_ung_yuan,China,T’ung-yuan,Unified Source
China_Ts_ao_chou,China,Ts’ao-chou,Grass Prefecture
China_Ts_ui_p_ing,China,Ts’ui-p’ing,Emerald Peace
China_Ts_ung_hua,China,Ts’ung-hua,Clustered Flowers
China_Ts_ung_shan,China,Ts’ung-shan,Clustered Mountain
China_Ts_ung_yang,China,Ts’ung-yang,Clustered Sun
China_Tung_ch_ing,China,Tung-ch’ing,Eastern Clarity
China_Tung_ch_uan,China,Tung-ch’uan,Eastern Spring
China_Tung_hsiang,China,Tung-hsiang,Eastern Village
China_Tung_hsing,China,Tung-hsing,Eastern Prosperity
China_Tung_kang,China,Tung-kang,Eastern Harbor
China_Tung_shan,China,Tung-shan,Eastern Mountain
China_Tung_t_ai,China,Tung-t’ai,Eastern Terrace
China_Tung_yang,China,Tung-yang,Eastern Sun
China_Wu_chiang,China,Wu-chiang,Black River
China_Wu_chin,China,Wu-chin,Black Gold
China_Wu_hsi,China,Wu-hsi,Black Stream
China_Wu_hsing,China,Wu-hsing,Five Stars
China_Wu_shan,China,Wu-shan,Black Mountain
China_Wu_yuan,China,Wu-yuan,Five Sources
China_Yang_chou,China,Yang-chou,Poplar Prefecture
China_Yen_ch_eng,China,Yen-ch’eng,Salt City
China_Yen_ch_uan,China,Yen-ch’uan,Salt Spring
China_Yen_hsiang,China,Yen-hsiang,Salt Village
China_Yen_p_ing,China,Yen-p’ing,Peaceful Flat
China_Yen_shan,China,Yen-shan,Salt Mountain
China_Yung_an,China,Yung-an,Eternal Peace
China_Yung_ch_ing,China,Yung-ch’ing,Eternal Clarity
China_Yung_chia,China,Yung-chia,Eternal Beauty
China_Yung_feng,China,Yung-feng,Eternal Peak
China_Yung_fu,China,Yung-fu,Eternal Happiness
China_Yung_hsiang,China,Yung-hsiang,Eternal Village
China_Yung_hsin,China,Yung-hsin,Eternal Faith
China_Yung_k_ang,China,Yung-k’ang,Eternal Health
China_Yung_ning,China,Yung-ning,Eternal Peace
China_Yung_shan,China,Yung-shan,Eternal Mountain
China_Yung_t_ai,China,Yung-t’ai,Eternal Terrace
Congo_Aketi,Congo,Aketi,None
Congo_Akula,Congo,Akula,None
Congo_Alima,Congo,Alima,None
Congo_Amadi,Congo,Amadi,None
Congo_Ango,Congo,Ango,None
Congo_Anzika,Congo,Anzika,None
Congo_Asosa,Congo,Asosa,None
Congo_Bafwabaka,Congo,Bafwabaka,None
Congo_Bafwabamba,Congo,Bafwabamba,None
Congo_Bafwabili,Congo,Bafwabili,None
Congo_Bafwaboli,Congo,Bafwaboli,None
Congo_Bafwasende,Congo,Bafwasende,None
Congo_Bafwasengi,Congo,Bafwasengi,None
Congo_Bambesa,Congo,Bambesa,None
Congo_Bandundu,Congo,Bandundu,None
Congo_Bangala,Congo,Bangala,People of the River
Congo_Bangassou,Congo,Bangassou,None
Congo_Bangi,Congo,Bangi,None
Congo_Bango,Congo,Bango,None
Congo_Bangolo,Congo,Bangolo,None
Congo_Banzyville,Congo,Banzyville,None
Congo_Bikala,Congo,Bikala,None
Congo_Bikenge,Congo,Bikenge,None
Congo_Bikolo,Congo,Bikolo,None
Congo_Bikoro,Congo,Bikoro,None
Congo_Bikundu,Congo,Bikundu,None
Congo_Bili,Congo,Bili,None
Congo_Binga,Congo,Binga,None
Congo_Bokala,Congo,Bokala,None
Congo_Bolobo,Congo,Bolobo,None
Congo_Bomba,Congo,Bomba,None
Congo_Bombili,Congo,Bombili,None
Congo_Bomboli,Congo,Bomboli,None
Congo_Bomboma,Congo,Bomboma,None
Congo_Bomongo,Congo,Bomongo,None
Congo_Bondo,Congo,Bondo,None
Congo_Bosanga,Congo,Bosanga,None
Congo_Bosango,Congo,Bosango,None
Congo_Bosobolo,Congo,Bosobolo,None
Congo_Bosondjo,Congo,Bosondjo,None
Congo_Bosukila,Congo,Bosukila,None
Congo_Busira,Congo,Busira,None
Congo_Damba,Congo,Damba,None
Congo_Djabir,Congo,Djabir,None
Congo_Djalo,Congo,Djalo,None
Congo_Djamba,Congo,Djamba,Forest
Congo_Djambi,Congo,Djambi,Forest
Congo_Djoko,Congo,Djoko,None
Congo_Djuma,Congo,Djuma,None
Congo_Ekata,Congo,Ekata,None
Congo_Ekete,Congo,Ekete,None
Congo_Ekoli,Congo,Ekoli,None
Congo_Ekonda,Congo,Ekonda,None
Congo_Ekonda_2,Congo,Ekonda,None
Congo_Ekoso,Congo,Ekoso,None
Congo_Ekwanga,Congo,Ekwanga,None
Congo_Faradje,Congo,Faradje,None
Congo_Feshi,Congo,Feshi,None
Congo_Fimi,Congo,Fimi,None
Congo_Fimi_2,Congo,Fimi,None
Congo_Fizi,Congo,Fizi,None
Congo_Foma,Congo,Foma,None
Congo_Fungurume,Congo,Fungurume,None
Congo_Gbadolite,Congo,Gbadolite,None
Congo_Goma,Congo,Goma,None
Congo_Gombe,Congo,Gombe,None
Congo_Gombi,Congo,Gombi,None
Congo_Gungu,Congo,Gungu,None
Congo_Gwaka,Congo,Gwaka,None
Congo_Gweka,Congo,Gweka,None
Congo_Ikela,Congo,Ikela,None
Congo_Ikoko,Congo,Ikoko,None
Congo_Ilambi,Congo,Ilambi,None
Congo_Imbolo,Congo,Imbolo,None
Congo_Imese,Congo,Imese,None
Congo_Ingende,Congo,Ingende,None
Congo_Inongo,Congo,Inongo,None
Congo_Irebu,Congo,Irebu,None
Congo_Isangi,Congo,Isangi,None
Congo_Isiro,Congo,Isiro,None
Congo_Itende,Congo,Itende,None
Congo_Itoko,Congo,Itoko,None
Congo_Itoko_2,Congo,Itoko,None
Congo_Ituri,Congo,Ituri,None
Congo_Ituri_2,Congo,Ituri,None
Congo_Kabalo,Congo,Kabalo,None
Congo_Kabamba,Congo,Kabamba,None
Congo_Kabeya,Congo,Kabeya,None
Congo_Kabinda,Congo,Kabinda,None
Congo_Kabongo,Congo,Kabongo,None
Congo_Kalima,Congo,Kalima,None
Congo_Kamba,Congo,Kamba,None
Congo_Kamina,Congo,Kamina,None
Congo_Kaniama,Congo,Kaniama,None
Congo_Kasai,Congo,Kasai,None
Congo_Kasenyi,Congo,Kasenyi,None
Congo_Kasongo,Congo,Kasongo,None
Congo_Kasongo_2,Congo,Kasongo,None
Congo_Kenge,Congo,Kenge,None
Congo_Kengele,Congo,Kengele,None
Congo_Kete,Congo,Kete,None
Congo_Kikoka,Congo,Kikoka,None
Congo_Kikonka,Congo,Kikonka,None
Congo_Kikwit,Congo,Kikwit,None
Congo_Kilo,Congo,Kilo,None
Congo_Libenge,Congo,Libenge,None
Congo_Likasi,Congo,Likasi,None
Congo_Likimi,Congo,Likimi,None
Congo_Likingi,Congo,Likingi,None
Congo_Likolo,Congo,Likolo,None
Congo_Lindi,Congo,Lindi,None
Congo_Lisala,Congo,Lisala,None
Congo_Lokandu,Congo,Lokandu,None
Congo_Lokolia,Congo,Lokolia,None
Congo_Lokutu,Congo,Lokutu,None
Congo_Lolo,Congo,Lolo,None
Congo_Lolodorf,Congo,Lolodorf,None
Congo_Lomami,Congo,Lomami,None
Congo_Lomela,Congo,Lomela,None
Congo_Lowa,Congo,Lowa,None
Congo_Luabo,Congo,Luabo,None
Congo_Luama,Congo,Luama,None
Congo_Luanga,Congo,Luanga,None
Congo_Luanza,Congo,Luanza,None
Congo_Lukolela,Congo,Lukolela,None
Congo_Mbamba,Congo,Mbamba,None
Congo_Mbandaka,Congo,Mbandaka,None
Congo_Mbanza,Congo,Mbanza,Village
Congo_Mboka,Congo,Mboka,None
Congo_Mboko,Congo,Mboko,None
Congo_Mboma,Congo,Mboma,None
Congo_Mbonge,Congo,Mbonge,None
Congo_Moba,Congo,Moba,None
Congo_Mobeka,Congo,Mobeka,None
Congo_Mokamo,Congo,Mokamo,None
Congo_Moma,Congo,Moma,None
Congo_Mombesa,Congo,Mombesa,None
Congo_Momboyo,Congo,Momboyo,None
Congo_Mongo,Congo,Mongo,None
Congo_Ndele,Congo,Ndele,None
Congo_Ngandu,Congo,Ngandu,None
Congo_Ngiri,Congo,Ngiri,None
Congo_Ngombe,Congo,Ngombe,None
Congo_Niangara,Congo,Niangara,None
Congo_Nkamba,Congo,Nkamba,None
Congo_Oicha,Congo,Oicha,None
Congo_Okapi,Congo,Okapi,None
Congo_Okoka,Congo,Okoka,None
Congo_Okondo,Congo,Okondo,None
Congo_Opala,Congo,Opala,None
Congo_Oshwe,Congo,Oshwe,None
Congo_Osio,Congo,Osio,None
Congo_Pamba,Congo,Pamba,None
Congo_Pangi,Congo,Pangi,None
Congo_Panzi,Congo,Panzi,None
Congo_Poko,Congo,Poko,None
Congo_Pokofo,Congo,Pokofo,None
Congo_Sakania,Congo,Sakania,None
Congo_Sake,Congo,Sake,None
Congo_Salongo,Congo,Salongo,None
Congo_Sandoa,Congo,Sandoa,None
Congo_Sango,Congo,Sango,None
Congo_Sankuru,Congo,Sankuru,None
Congo_Tembo,Congo,Tembo,None
Congo_Tshikapa,Congo,Tshikapa,None
Congo_Tshilenge,Congo,Tshilenge,None
Congo_Tshiluba,Congo,Tshiluba,None
Congo_Tshimbulu,Congo,Tshimbulu,None
Congo_Tshofa,Congo,Tshofa,None
Congo_Waka,Congo,Waka,None
Congo_Wamba,Congo,Wamba,None
Congo_Wani,Congo,Wani,None
Congo_Wanie,Congo,Wanie,None
Congo_Watsa,Congo,Watsa,None
Congo_Watsi,Congo,Watsi,None
Congo_Yakoma,Congo,Yakoma,None
Congo_Yamboko,Congo,Yamboko,None
Congo_Yambuku,Congo,Yambuku,None
Congo_Yambula,Congo,Yambula,None
Congo_Yandongi,Congo,Yandongi,None
Congo_Yangambi,Congo,Yangambi,None
Congo_Yembe,Congo,Yembe,None
France_Abbeville,France,Abbeville,Abbey Town
France_Aire,France,Aire,Open Space
France_Alen_on,France,Alençon,None
France_Amb_rieu,France,Ambérieu,None
France_Ancenis,France,Ancenis,None
France_Arcis,France,Arcis,Arch
France_Arles,France,Arles,Marshy Land
France_Aubigny,France,Aubigny,White Settlement
France_Aumale,France,Aumale,Elm Valley
France_Autun,France,Autun,None
France_Bagnols,France,Bagnols,Baths
France_Barfleur,France,Barfleur,Bay of Flowers
France_Bar_le_Duc,France,Bar-le-Duc,Duke’s Ridge
France_Bayeux,France,Bayeux,None
France_Beaumont,France,Beaumont,Beautiful Mountain
France_Bellegarde,France,Bellegarde,Beautiful Guard
France_Bergerac,France,Bergerac,None
France_Bressuire,France,Bressuire,None
France_Brioude,France,Brioude,None
France_Brive,France,Brive,Bridge
France_Cahors,France,Cahors,None
France_Cambrai,France,Cambrai,None
France_Carcassonne,France,Carcassonne,None
France_Castres,France,Castres,Fortified Camp
France_C_ret,France,Céret,None
France_Chalon,France,Chalon,None
France_Chantilly,France,Chantilly,Song of the Wolf
France_Ch_teaudun,France,Châteaudun,Castle on the Hill
France_Clamecy,France,Clamecy,None
France_Cuisery,France,Cuisery,None
France_Dax,France,Dax,Warm Springs
France_Dieppe,France,Dieppe,Deep Water
France_Digne,France,Digne,Worthy
France_Dinan,France,Dinan,Hill Fort
France_Dol,France,Dol,Meadow
France_Domfront,France,Domfront,Cathedral Hill
France_Douai,France,Douai,None
France_Dourdan,France,Dourdan,None
France_Dreux,France,Dreux,None
France_Dun,France,Dun,Hill
France_couen,France,Écouen,None
France_gly,France,Égly,None
France_pernay,France,Épernay,None
France_pinal,France,Épinal,None
France_Ern_e,France,Ernée,None
France_tampes,France,Étampes,None
France_tr_pagny,France,Étrépagny,None
France_Eu,France,Eu,None
France_vreux,France,Évreux,None
France_vron,France,Évron,None
France_Falaise,France,Falaise,Cliff
France_F_camp,France,Fécamp,Fish Camp
France_Figeac,France,Figeac,None
France_Flers,France,Flers,None
France_Florac,France,Florac,Flowering Place
France_Foix,France,Foix,None
France_Fontenay,France,Fontenay,Fountain Settlement
France_Foug_res,France,Fougères,Ferns
France_Fresnay,France,Fresnay,Ash Tree Settlement
France_Gannat,France,Gannat,None
France_Gien,France,Gien,None
France_Gisors,France,Gisors,None
France_Givet,France,Givet,None
France_Gourdon,France,Gourdon,None
France_Granville,France,Granville,Great Town
France_Graulhet,France,Graulhet,None
France_Grigny,France,Grigny,Grey Settlement
France_Gu_rande,France,Guérande,White Land
France_Guingamp,France,Guingamp,White Valley
France_Haguenau,France,Haguenau,Meadow of the Enclosure
France_Hautefort,France,Hautefort,High Fort
France_Hennebont,France,Hennebont,Old Bridge
France_H_risson,France,Hérisson,Hedgehog
France_Hesdin,France,Hesdin,None
France_Honfleur,France,Honfleur,None
France_Houdan,France,Houdan,None
France_Houlgate,France,Houlgate,None
France_Illiers,France,Illiers,None
France_Isigny,France,Isigny,Hedge Settlement
France_Issoire,France,Issoire,None
France_Issoire_2,France,Issoire,None
France_Issoudun,France,Issoudun,None
France_Issoy,France,Issoy,None
France_Ivry,France,Ivry,Yew Tree
France_Jaligny,France,Jaligny,None
France_Jarnac,France,Jarnac,None
France_Joinville,France,Joinville,Juno’s Town
France_Jonzac,France,Jonzac,None
France_Josselin,France,Josselin,None
France_Jumi_ges,France,Jumièges,Twin Settlement
France_Lamballe,France,Lamballe,None
France_Landerneau,France,Landerneau,Church of St. Ternoc
France_Langeais,France,Langeais,Long Meadow
France_Lannion,France,Lannion,Church Land
France_Laon,France,Laon,None
France_Laval,France,Laval,The Valley
France_Lisieux,France,Lisieux,None
France_Loches,France,Loches,None
France_Loud_ac,France,Loudéac,None
France_Lure,France,Lure,None
France_M_con,France,Mâcon,None
France_Mauriac,France,Mauriac,None
France_Mayenne,France,Mayenne,None
France_Melun,France,Melun,None
France_Millau,France,Millau,None
France_Mirepoix,France,Mirepoix,None
France_Moissac,France,Moissac,Harvest
France_Montaigu,France,Montaigu,Sharp Mountain
France_Montargis,France,Montargis,Mountain of the Guard
France_Murat,France,Murat,Walled Town
France_Nemours,France,Nemours,Sacred Grove
France_Nevers,France,Nevers,None
France_Niort,France,Niort,None
France_Nogent,France,Nogent,New Settlement
France_Noirmoutier,France,Noirmoutier,Black Monastery
France_Nonancourt,France,Nonancourt,None
France_Nyons,France,Nyons,None
France_Olivet,France,Olivet,Olive Grove
France_Orange,France,Orange,None
France_Orvault,France,Orvault,Golden Valley
France_Oudon,France,Oudon,None
France_Oyonnax,France,Oyonnax,None
France_Paimpol,France,Paimpol,Head of the Pool
France_P_rigueux,France,Périgueux,None
France_P_zenas,France,Pézenas,None
France_Pithiviers,France,Pithiviers,None
France_Planco_t,France,Plancoët,Flat Stone
France_Plessis,France,Plessis,Enclosed Place
France_Pontivy,France,Pontivy,Ivy Bridge
France_Pontmain,France,Pontmain,Main Bridge
France_Pontoise,France,Pontoise,Bridge over the Oise
France_Pontorson,France,Pontorson,Bridge of Orson
France_Provins,France,Provins,None
France_Questembert,France,Questembert,None
France_Quiberon,France,Quiberon,None
France_Quimper,France,Quimper,Confluence
France_Rambouillet,France,Rambouillet,None
France_Redon,France,Redon,None
France_Rethel,France,Rethel,None
France_Riez,France,Riez,None
France_Riom,France,Riom,None
France_Rochefort,France,Rochefort,Rock Fort
France_Rocroi,France,Rocroi,King’s Rock
France_Romorantin,France,Romorantin,None
France_Royan,France,Royan,Royal
France_Ruffec,France,Ruffec,None
France_Saintes,France,Saintes,Holy Ones
France_Sancerre,France,Sancerre,Sacred Ring
France_Sarlat,France,Sarlat,None
France_Saumur,France,Saumur,None
France_Savigny,France,Savigny,Sabine’s Settlement
France_S_es,France,Sées,None
France_S_lestat,France,Sélestat,None
France_Senlis,France,Senlis,None
France_Sill,France,Sillé,None
France_Soreze,France,Soreze,None
France_Tarascon,France,Tarascon,Dragon Rock
France_Thiers,France,Thiers,None
France_Thonon,France,Thonon,None
France_Thouars,France,Thouars,None
France_Tonnerre,France,Tonnerre,Thunder
France_Tournus,France,Tournus,None
France_Tr_guier,France,Tréguier,Three Rivers
France_Tulle,France,Tulle,None
France_Ussel,France,Ussel,None
France_Uzerche,France,Uzerche,None
France_Uz_s,France,Uzès,None
France_Vaison,France,Vaison,None
France_Vannes,France,Vannes,None
France_Vend_me,France,Vendôme,None
France_Vernon,France,Vernon,Alder Grove
France_Vienne,France,Vienne,None
France_Vihiers,France,Vihiers,None
France_Vire,France,Vire,None
France_Vireux,France,Vireux,None
France_Vouvray,France,Vouvray,None
France_Wimereux,France,Wimereux,None
France_Wissous,France,Wissous,None
France_Yerres,France,Yerres,None
France_Yssingeaux,France,Yssingeaux,None
France_Yvetot,France,Yvetot,None
France_Yzeures,France,Yzeures,None
Germany_Aachen,Germany,Aachen,Water
Germany_Alsfeld,Germany,Alsfeld,Ale’s Field
Germany_Altenburg,Germany,Altenburg,Old Fort
Germany_Anklam,Germany,Anklam,None
Germany_Ansbach,Germany,Ansbach,At the Stream
Germany_Arnstadt,Germany,Arnstadt,Eagle’s Town
Germany_Aschaffenburg,Germany,Aschaffenburg,Ash Fort
Germany_Attendorn,Germany,Attendorn,At the Thorn
Germany_Bad_D_rkheim,Germany,Bad Dürkheim,Bath at Dürkheim
Germany_Bad_Hersfeld,Germany,Bad Hersfeld,Bath at Hersfeld
Germany_Bad_Kreuznach,Germany,Bad Kreuznach,Bath at the Cross
Germany_Bad_Nauheim,Germany,Bad Nauheim,Bath at Nauheim
Germany_Bad_Salzuflen,Germany,Bad Salzuflen,Bath at Salt Springs
Germany_Bad_T_lz,Germany,Bad Tölz,Bath at Tölz
Germany_Bamberg,Germany,Bamberg,None
Germany_Bingen,Germany,Bingen,None
Germany_Calw,Germany,Calw,None
Germany_Celle,Germany,Celle,None
Germany_Chemnitz,Germany,Chemnitz,Stone Stream
Germany_Clausthal,Germany,Clausthal,Narrow Valley
Germany_Cloppenburg,Germany,Cloppenburg,Knocking Fort
Germany_Coblenz,Germany,Coblenz,Confluence
Germany_Coburg,Germany,Coburg,None
Germany_Coesfeld,Germany,Coesfeld,Cow Field
Germany_Dachau,Germany,Dachau,Clay Meadow
Germany_Deggendorf,Germany,Deggendorf,Deggo’s Ford
Germany_Detmold,Germany,Detmold,People’s Court
Germany_Dillenburg,Germany,Dillenburg,Dille’s Fort
Germany_Dinkelsb_hl,Germany,Dinkelsbühl,Little Hill
Germany_Donaueschingen,Germany,Donaueschingen,Danube Springs
Germany_Dresden,Germany,Dresden,Forest People
Germany_Duderstadt,Germany,Duderstadt,Dudo’s Town
Germany_Eberswalde,Germany,Eberswalde,Boar’s Forest
Germany_Eichst_tt,Germany,Eichstätt,Oak Place
Germany_Eisenach,Germany,Eisenach,Iron Oak
Germany_Elmshorn,Germany,Elmshorn,Elm Horn
Germany_Emden,Germany,Emden,None
Germany_Erfurt,Germany,Erfurt,Ford Settlement
Germany_Eschwege,Germany,Eschwege,Ash Path
Germany_Eutin,Germany,Eutin,None
Germany_Flensburg,Germany,Flensburg,None
Germany_Freiberg,Germany,Freiberg,Free Mountain
Germany_Freising,Germany,Freising,Free Place
Germany_Friedberg,Germany,Friedberg,Peace Mountain
Germany_Fritzlar,Germany,Fritzlar,Peaceful Ruler
Germany_Fulda,Germany,Fulda,None
Germany_F_rstenfeld,Germany,Fürstenfeld,Prince’s Field
Germany_F_rth,Germany,Fürth,Ford
Germany_Gardelegen,Germany,Gardelegen,Garden Meadow
Germany_Gelnhausen,Germany,Gelnhausen,Gelna’s Houses
Germany_Gera,Germany,Gera,None
Germany_Gie_en,Germany,Gießen,Wet Place
Germany_Gmund,Germany,Gmund,Mouth of the River
Germany_G_rlitz,Germany,Görlitz,Burnt Place
Germany_Goslar,Germany,Goslar,Goose Meadow
Germany_Greifswald,Germany,Greifswald,Griffin’s Forest
Germany_Halberstadt,Germany,Halberstadt,Half Town
Germany_Hamburg,Germany,Hamburg,Fort by the River
Germany_Hameln,Germany,Hameln,Little Home
Germany_Harzgerode,Germany,Harzgerode,Hartz Clearing
Germany_Herzberg,Germany,Herzberg,Heart Mountain
Germany_Hildesheim,Germany,Hildesheim,Hildo’s Home
Germany_Homburg,Germany,Homburg,High Fort
Germany_H_xter,Germany,Höxter,None
Germany_Idstein,Germany,Idstein,Ida’s Stone
Germany_Ilmenau,Germany,Ilmenau,Elm Meadow
Germany_Ilsenburg,Germany,Ilsenburg,Ilsa’s Fort
Germany_Ingolstadt,Germany,Ingolstadt,Ingold’s Town
Germany_Iserlohn,Germany,Iserlohn,Iron Hollow
Germany_Isny,Germany,Isny,None
Germany_Itzehoe,Germany,Itzehoe,None
Germany_Jena,Germany,Jena,None
Germany_Jena_2,Germany,Jena,None
Germany_J_lich,Germany,Jülich,None
Germany_Kaiserslautern,Germany,Kaiserslautern,Emperor’s Meadow
Germany_Kamenz,Germany,Kamenz,Stone
Germany_Kempten,Germany,Kempten,None
Germany_Kiel,Germany,Kiel,Narrow Bay
Germany_Kitzingen,Germany,Kitzingen,None
Germany_Konstanz,Germany,Konstanz,Constant
Germany_Krefeld,Germany,Krefeld,Crow Field
Germany_Kulmbach,Germany,Kulmbach,Cool Stream
Germany_Lahr,Germany,Lahr,Clearing
Germany_Landau,Germany,Landau,Land Meadow
Germany_Leer,Germany,Leer,Meadow
Germany_Lemgo,Germany,Lemgo,None
Germany_Lingen,Germany,Lingen,None
Germany_Lippstadt,Germany,Lippstadt,Lippe’s Town
Germany_L_beck,Germany,Lübeck,Lovely Settlement
Germany_L_neburg,Germany,Lüneburg,Moon Fort
Germany_Magdeburg,Germany,Magdeburg,Maiden’s Fort
Germany_Marburg,Germany,Marburg,Border Fort
Germany_Meissen,Germany,Meissen,None
Germany_Memmingen,Germany,Memmingen,None
Germany_Miesbach,Germany,Miesbach,None
Germany_Minden,Germany,Minden,Mouth of the River
Germany_M_lln,Germany,Mölln,Mill
Germany_M_hldorf,Germany,Mühldorf,Mill Valley
Germany_Naumburg,Germany,Naumburg,New Fort
Germany_Neum_nster,Germany,Neumünster,New Monastery
Germany_Neunkirchen,Germany,Neunkirchen,Nine Churches
Germany_Neuruppin,Germany,Neuruppin,New Ruppin
Germany_Neustadt,Germany,Neustadt,New Town
Germany_Nienburg,Germany,Nienburg,New Fort
Germany_Nordhausen,Germany,Nordhausen,North Houses
Germany_N_rdlingen,Germany,Nördlingen,Northern Meadow
Germany_Ochsenfurt,Germany,Ochsenfurt,Oxen Ford
Germany_Offenburg,Germany,Offenburg,Upper Fort
Germany_Oldenburg,Germany,Oldenburg,Old Fort
Germany_Oschatz,Germany,Oschatz,None
Germany_Osnabr_ck,Germany,Osnabrück,Ox Bridge
Germany_Osterode,Germany,Osterode,Eastern Clearing
Germany_Otterndorf,Germany,Otterndorf,Otter’s Ford
Germany_Overath,Germany,Overath,Upper Oath
Germany_Parchim,Germany,Parchim,None
Germany_Passau,Germany,Passau,None
Germany_Pforzheim,Germany,Pforzheim,Gate Home
Germany_Pirmasens,Germany,Pirmasens,None
Germany_Pirna,Germany,Pirna,None
Germany_Plauen,Germany,Plauen,None
Germany_Prenzlau,Germany,Prenzlau,None
Germany_Pritzwalk,Germany,Pritzwalk,None
Germany_Quedlinburg,Germany,Quedlinburg,None
Germany_Rastatt,Germany,Rastatt,Rest Place
Germany_Rees,Germany,Rees,None
Germany_Regensburg,Germany,Regensburg,Rain Fort
Germany_Rendsburg,Germany,Rendsburg,Border Fort
Germany_Riesa,Germany,Riesa,None
Germany_Rothenburg,Germany,Rothenburg,Red Fort
Germany_Rottweil,Germany,Rottweil,Red Villa
Germany_Rudolstadt,Germany,Rudolstadt,Rudolf’s Town
Germany_Saalfeld,Germany,Saalfeld,Hall Field
Germany_Salzwedel,Germany,Salzwedel,Salt Pasture
Germany_Sangerhausen,Germany,Sangerhausen,Singer’s Houses
Germany_Schongau,Germany,Schongau,Beautiful Meadow
Germany_Schw_bisch_Hall,Germany,Schwäbisch Hall,Swabian Hall
Germany_Schweinfurt,Germany,Schweinfurt,Swine Ford
Germany_Schwerin,Germany,Schwerin,None
Germany_Speyer,Germany,Speyer,None
Germany_Stade,Germany,Stade,Shore
Germany_Stade_2,Germany,Stade,Shore
Germany_Stendal,Germany,Stendal,None
Germany_Stolberg,Germany,Stolberg,Stone Mountain
Germany_Stralsund,Germany,Stralsund,Arrow Sound
Germany_Torgau,Germany,Torgau,None
Germany_Traunstein,Germany,Traunstein,Trout Stone
Germany_Trier,Germany,Trier,None
Germany_T_bingen,Germany,Tübingen,None
Germany_Ueckerm_nde,Germany,Ueckermünde,Mouth of the Uecker
Germany_Uelzen,Germany,Uelzen,None
Germany_Uelzen_2,Germany,Uelzen,None
Germany_Uffenheim,Germany,Uffenheim,Uffo’s Home
Germany_Ulm,Germany,Ulm,None
Germany_Vechta,Germany,Vechta,None
Germany_Velbert,Germany,Velbert,Field Mountain
Germany_Verden,Germany,Verden,Ford
Germany_Villingen,Germany,Villingen,None
Germany_Warburg,Germany,Warburg,Watch Fort
Germany_Weilburg,Germany,Weilburg,Meadow Fort
Germany_Weilheim,Germany,Weilheim,Meadow Home
Germany_Werl,Germany,Werl,None
Germany_Wertheim,Germany,Wertheim,Worth Home
Germany_Wetzlar,Germany,Wetzlar,None
Germany_Wissen,Germany,Wissen,Knowledge
Germany_Worms,Germany,Worms,None
Germany_Xanten,Germany,Xanten,Saint’s Settlement
Germany_Zeitz,Germany,Zeitz,None
Germany_Zella,Germany,Zella,Cell (Monastic)
Germany_Zerbst,Germany,Zerbst,None
Germany_Zittau,Germany,Zittau,None
Germany_Zossen,Germany,Zossen,None
Germany_Zschopau,Germany,Zschopau,None
Germany_Z_lpich,Germany,Zülpich,None
Germany_Zwickau,Germany,Zwickau,None
Holland_Aalten,Holland,Aalten,None
Holland_Aardenburg,Holland,Aardenburg,Earth Fortress
Holland_Aduard,Holland,Aduard,None
Holland_Anloo,Holland,Anloo,None
Holland_Appingedam,Holland,Appingedam,Apple Dam
Holland_Arnemuiden,Holland,Arnemuiden,Arend’s Mouth
Holland_Assen,Holland,Assen,None
Holland_Baflo,Holland,Baflo,None
Holland_Bakel,Holland,Bakel,None
Holland_Beerta,Holland,Beerta,None
Holland_Beesd,Holland,Beesd,None
Holland_Bergen,Holland,Bergen,Mountain
Holland_Bierum,Holland,Bierum,None
Holland_Bleskensgraaf,Holland,Bleskensgraaf,Blesken’s Canal
Holland_Borculo,Holland,Borculo,None
Holland_Buren,Holland,Buren,Farms
Holland_Cadzand,Holland,Cadzand,Sandy Headland
Holland_Callantsoog,Holland,Callantsoog,None
Holland_Castricum,Holland,Castricum,Camp
Holland_Coevorden,Holland,Coevorden,Cow Ford
Holland_Colijnsplaat,Holland,Colijnsplaat,Colijn’s Flat
Holland_Cromvoirt,Holland,Cromvoirt,Crooked Ford
Holland_Culemborg,Holland,Culemborg,None
Holland_Deil,Holland,Deil,None
Holland_Deinum,Holland,Deinum,None
Holland_Dinxperlo,Holland,Dinxperlo,None
Holland_Dodewaard,Holland,Dodewaard,Dead Ford
Holland_Domburg,Holland,Domburg,Dome Fortress
Holland_Dreischor,Holland,Dreischor,Three Shores
Holland_Driebergen,Holland,Driebergen,Three Mountains
Holland_Dronrijp,Holland,Dronrijp,None
Holland_Duivendrecht,Holland,Duivendrecht,Dove Drainage
Holland_Edam,Holland,Edam,None
Holland_Eemnes,Holland,Eemnes,None
Holland_Eenrum,Holland,Eenrum,None
Holland_Eernewoude,Holland,Eernewoude,Honor Meadow
Holland_Eethen,Holland,Eethen,None
Holland_Eext,Holland,Eext,None
Holland_Eexterveen,Holland,Eexterveen,Eext Peat
Holland_Egmond,Holland,Egmond,Edge Meadow
Holland_Ferwerd,Holland,Ferwerd,None
Holland_Franeker,Holland,Franeker,None
Holland_Franekeradeel,Holland,Franekeradeel,None
Holland_Gasselte,Holland,Gasselte,None
Holland_Gieten,Holland,Gieten,None
Holland_Giethoorn,Holland,Giethoorn,Goat Horn
Holland_Gorssel,Holland,Gorssel,None
Holland_Grijpskerk,Holland,Grijpskerk,Grip’s Church
Holland_Grijpskerke,Holland,Grijpskerke,Grip’s Church
Holland_Groot_Ammers,Holland,Groot-Ammers,Great Ammers
Holland_Grootegast,Holland,Grootegast,Great Guest
Holland_Grouw,Holland,Grouw,None
Holland_Harlingen,Holland,Harlingen,None
Holland_Havelte,Holland,Havelte,None
Holland_Heenvliet,Holland,Heenvliet,None
Holland_Herten,Holland,Herten,Deer
Holland_Heukelum,Holland,Heukelum,None
Holland_Hillegom,Holland,Hillegom,None
Holland_Hindeloopen,Holland,Hindeloopen,Hind’s Lake
Holland_Hoedekenskerke,Holland,Hoedekenskerke,Hat Church
Holland_Hollum,Holland,Hollum,None
Holland_Hoogeveen,Holland,Hoogeveen,High Peat
Holland_Hoogezand,Holland,Hoogezand,High Sand
Holland_Hoogkarspel,Holland,Hoogkarspel,High Church Field
Holland_IJlst,Holland,IJlst,None
Holland_IJmuiden,Holland,IJmuiden,IJ Mouth
Holland_IJssellaan,Holland,IJssellaan,IJssel Land
Holland_IJsselmuiden,Holland,IJsselmuiden,IJssel Mouth
Holland_IJsseloord,Holland,IJsseloord,IJssel Estate
Holland_IJsselstein,Holland,IJsselstein,IJssel Stone
Holland_IJzendijke,Holland,IJzendijke,Ice Dike
Holland_IJzendijke_2,Holland,IJzendijke,Ice Dike
Holland_Jisp,Holland,Jisp,None
Holland_Jorwerd,Holland,Jorwerd,None
Holland_Joure,Holland,Joure,None
Holland_Katwijk,Holland,Katwijk,None
Holland_Kloetinge,Holland,Kloetinge,None
Holland_Koedijk,Holland,Koedijk,Cow Dike
Holland_Kollum,Holland,Kollum,None
Holland_Kortgene,Holland,Kortgene,Short Meadow
Holland_Koudekerke,Holland,Koudekerke,Cold Church
Holland_Krabbendijke,Holland,Krabbendijke,Crab Dike
Holland_Krabbendijke_2,Holland,Krabbendijke,Crab Dike
Holland_Krommenie,Holland,Krommenie,Crooked Meadow
Holland_Kwadendamme,Holland,Kwadendamme,Bad Dam
Holland_Laren,Holland,Laren,None
Holland_Lemmer,Holland,Lemmer,None
Holland_Lieren,Holland,Lieren,None
Holland_Lisse,Holland,Lisse,None
Holland_Lochem,Holland,Lochem,None
Holland_Loon,Holland,Loon,None
Holland_Loosdrecht,Holland,Loosdrecht,Loose Drainage
Holland_Lunteren,Holland,Lunteren,None
Holland_Marken,Holland,Marken,Border Land
Holland_Medemblik,Holland,Medemblik,Middle Stream
Holland_Middenmeer,Holland,Middenmeer,Middle Lake
Holland_Midwolda,Holland,Midwolda,Middle Forest
Holland_Nes,Holland,Nes,Headland
Holland_Nieuweschans,Holland,Nieuweschans,New Sconce
Holland_Nieuwolda,Holland,Nieuwolda,New Forest
Holland_Nijkerk,Holland,Nijkerk,New Church
Holland_Noorddijk,Holland,Noorddijk,North Dike
Holland_Noordeloos,Holland,Noordeloos,Northless
Holland_Noordhorn,Holland,Noordhorn,North Horn
Holland_Noordwijk,Holland,Noordwijk,North District
Holland_Oostburg,Holland,Oostburg,East Fortress
Holland_Oostdijk,Holland,Oostdijk,East Dike
Holland_Oosterend,Holland,Oosterend,East End
Holland_Oostkapelle,Holland,Oostkapelle,East Chapel
Holland_Oostrum,Holland,Oostrum,East Home
Holland_Oostvoorne,Holland,Oostvoorne,East Foreland
Holland_Oostwold,Holland,Oostwold,East Forest
Holland_Ootmarsum,Holland,Ootmarsum,None
Holland_Purmerend,Holland,Purmerend,Pear Marsh End
Holland_Renkum,Holland,Renkum,None
Holland_Rhenen,Holland,Rhenen,None
Holland_Rijnsburg,Holland,Rijnsburg,Rhine Fortress
Holland_Rijs,Holland,Rijs,None
Holland_Rolde,Holland,Rolde,None
Holland_Roodkerk,Holland,Roodkerk,Red Church
Holland_Rottum,Holland,Rottum,None
Holland_Ruurlo,Holland,Ruurlo,None
Holland_Sassenheim,Holland,Sassenheim,Saxon Home
Holland_Schagen,Holland,Schagen,None
Holland_Schiermonnikoog,Holland,Schiermonnikoog,Grey Monk Island
Holland_Schoonhoven,Holland,Schoonhoven,Clean Haven
Holland_Sint_Annaland,Holland,Sint Annaland,Saint Anna’s Land
Holland_Sint_Jacobiparochie,Holland,Sint Jacobiparochie,Saint Jacob’s Parish
Holland_Sint_Maartensdijk,Holland,Sint Maartensdijk,Saint Martin’s Dike
Holland_Sint_Pancras,Holland,Sint Pancras,Saint Pancras
Holland_Stavoren,Holland,Stavoren,None
Holland_Terneuzen,Holland,Terneuzen,None
Holland_Terschelling,Holland,Terschelling,None
Holland_Texel,Holland,Texel,None
Holland_Tiel,Holland,Tiel,None
Holland_Tienhoven,Holland,Tienhoven,Ten Farms
Holland_Twello,Holland,Twello,None
Holland_Tynaarlo,Holland,Tynaarlo,None
Holland_Udenhout,Holland,Udenhout,Uden Wood
Holland_Uithoorn,Holland,Uithoorn,Outer Horn
Holland_Uithuizen,Holland,Uithuizen,Outer Houses
Holland_Ulrum,Holland,Ulrum,None
Holland_Urk,Holland,Urk,None
Holland_Urmond,Holland,Urmond,None
Holland_Vaassen,Holland,Vaassen,None
Holland_Veere,Holland,Veere,None
Holland_Velsen,Holland,Velsen,None
Holland_Vianen,Holland,Vianen,None
Holland_Vlagtwedde,Holland,Vlagtwedde,None
Holland_Vlagtwedde_2,Holland,Vlagtwedde,None
Holland_Vorden,Holland,Vorden,None
Holland_Vreeland,Holland,Vreeland,Free Land
Holland_Vroomshoop,Holland,Vroomshoop,None
Holland_Wemeldinge,Holland,Wemeldinge,None
Holland_Wervershoof,Holland,Wervershoof,None
Holland_Westerbork,Holland,Westerbork,Western Forest
Holland_Westkapelle,Holland,Westkapelle,West Chapel
Holland_Westwoud,Holland,Westwoud,West Wood
Holland_Wierden,Holland,Wierden,None
Holland_Wieringerwerf,Holland,Wieringerwerf,Wieringen Reclamation
Holland_Wijk,Holland,Wijk,District
Holland_Workum,Holland,Workum,None
Holland_Woudenberg,Holland,Woudenberg,Forest Mountain
Holland_Zandvoort,Holland,Zandvoort,Sand Ford
Holland_Zierikzee,Holland,Zierikzee,None
Holland_Zijldijk,Holland,Zijldijk,Side Dike
Holland_Zoutkamp,Holland,Zoutkamp,Salt Camp
Holland_Zuidhorn,Holland,Zuidhorn,South Horn
Holland_Zuidlaren,Holland,Zuidlaren,South Laren
Holland_Zundert,Holland,Zundert,None
Holland_Zwartsluis,Holland,Zwartsluis,Black Sluice
Hungary_Ab_dszal_k,Hungary,Abádszalók,Abád Lock
Hungary_cs,Hungary,Ács,Carpenter
Hungary_Als_n_medi,Hungary,Alsónémedi,Lower Némedi
Hungary_Asz_d,Hungary,Aszód,None
Hungary_B_bolna,Hungary,Bábolna,None
Hungary_Baja,Hungary,Baja,None
Hungary_Balatonf_red,Hungary,Balatonfüred,Balaton Bath
Hungary_B_nhida,Hungary,Bánhida,Mine Hill
Hungary_Barcs,Hungary,Barcs,None
Hungary_B_tonyterenye,Hungary,Bátonyterenye,Bátony Clearing
Hungary_B_k_s,Hungary,Békés,Peaceful
Hungary_B_k_scsaba,Hungary,Békéscsaba,Peaceful Csaba
Hungary_Beretty_jfalu,Hungary,Berettyóújfalu,New Berettyó Village
Hungary_Bicske,Hungary,Bicske,None
Hungary_Biharkeresztes,Hungary,Biharkeresztes,Bihar Cross
Hungary_Bodrog,Hungary,Bodrog,None
Hungary_Boldog,Hungary,Boldog,Happy
Hungary_Bonyh_d,Hungary,Bonyhád,None
Hungary_Borsod,Hungary,Borsod,None
Hungary_Cs_kber_ny,Hungary,Csákberény,Csák Lamb
Hungary_Cs_kv_r,Hungary,Csákvár,Csák’s Castle
Hungary_Csan_d,Hungary,Csanád,None
Hungary_Csenger,Hungary,Csenger,None
Hungary_Csepreg,Hungary,Csepreg,None
Hungary_Csongr_d,Hungary,Csongrád,None
Hungary_Csorna,Hungary,Csorna,None
Hungary_Csurg,Hungary,Csurgó,None
Hungary_Dabas,Hungary,Dabas,None
Hungary_Derecske,Hungary,Derecske,None
Hungary_D_s,Hungary,Dés,None
Hungary_D_br_k_z,Hungary,Döbrököz,None
Hungary_Dunaf_ldv_r,Hungary,Dunaföldvár,Danube Earth Castle
Hungary_Dunakeszi,Hungary,Dunakeszi,Danube Goat
Hungary_Dunapataj,Hungary,Dunapataj,Danube Pataj
Hungary_Edel_ny,Hungary,Edelény,None
Hungary_Eger,Hungary,Eger,Alder
Hungary_Encs,Hungary,Encs,None
Hungary_rd,Hungary,Érd,None
Hungary_Fegyvernek,Hungary,Fegyvernek,Armed
Hungary_Fels_galla,Hungary,Felsőgalla,Upper Galla
Hungary_Fels_t_rk_ny,Hungary,Felsőtárkány,Upper Tárkány
Hungary_Fert_d,Hungary,Fertőd,None
Hungary_Fony_d,Hungary,Fonyód,None
Hungary_F_zesabony,Hungary,Füzesabony,Willow Abony
Hungary_G_rdony,Hungary,Gárdony,None
Hungary_G_nc,Hungary,Gönc,None
Hungary_Gy_l,Hungary,Gyál,None
Hungary_Gyoma,Hungary,Gyoma,None
Hungary_Gy_ngy_s,Hungary,Gyöngyös,Pearly
Hungary_Gyula,Hungary,Gyula,None
Hungary_Hajd_dorog,Hungary,Hajdúdorog,Hajdú Church
Hungary_Hajd_n_n_s,Hungary,Hajdúnánás,None
Hungary_Hajd_szoboszl,Hungary,Hajdúszoboszló,None
Hungary_Haj_s,Hungary,Hajós,Boatman
Hungary_Harka,Hungary,Harka,None
Hungary_Hatvan,Hungary,Hatvan,Sixty
Hungary_H_halom,Hungary,Héhalom,Hill Elm
Hungary_H_v_z,Hungary,Hévíz,Hot Water
Hungary_Hidasn_meti,Hungary,Hidasnémeti,Bridge German
Hungary_H_dmez_v_s_rhely,Hungary,Hódmezővásárhely,Beaver Field Market
Hungary_Igal,Hungary,Igal,None
Hungary_J_k,Hungary,Ják,None
Hungary_J_noshalma,Hungary,Jánoshalma,John’s Elm
Hungary_J_noshida,Hungary,Jánoshida,John’s Bridge
Hungary_J_szap_ti,Hungary,Jászapáti,Jász Market
Hungary_J_szber_ny,Hungary,Jászberény,Jász Lamb
Hungary_Kaba,Hungary,Kaba,None
Hungary_Kalocsa,Hungary,Kalocsa,None
Hungary_K_poln_sny_k,Hungary,Kápolnásnyék,Chapel Nyék
Hungary_Kapuv_r,Hungary,Kapuvár,Gate Castle
Hungary_Karcag,Hungary,Karcag,None
Hungary_Kazincbarcika,Hungary,Kazincbarcika,None
Hungary_Kecel,Hungary,Kecel,None
Hungary_Kemecse,Hungary,Kemecse,None
Hungary_Kenderes,Hungary,Kenderes,Hemp
Hungary_Keszthely,Hungary,Keszthely,None
Hungary_Kisb_r,Hungary,Kisbér,Little Foal
Hungary_Kisk_r_s,Hungary,Kiskőrös,Little Körös
Hungary_Kiskunf_legyh_za,Hungary,Kiskunfélegyháza,Little Kun Church House
Hungary_Kiskunhalas,Hungary,Kiskunhalas,Little Kun Fish
Hungary_Kiskunmajsa,Hungary,Kiskunmajsa,Little Kun Majsa
Hungary_Kis_jsz_ll_s,Hungary,Kisújszállás,Little New Lodging
Hungary_Kisv_rda,Hungary,Kisvárda,Small Castle
Hungary_Kom_di,Hungary,Komádi,None
Hungary_K_r_s,Hungary,Körös,None
Hungary_K_szeg,Hungary,Kőszeg,Goat Stone
Hungary_Kunhegyes,Hungary,Kunhegyes,Kun Hill
Hungary_Lajosmizse,Hungary,Lajosmizse,Lajos’s Mizse
Hungary_Lenti,Hungary,Lenti,Below
Hungary_Letenye,Hungary,Letenye,None
Hungary_L_cse,Hungary,Lőcse,None
Hungary_Magl_d,Hungary,Maglód,None
Hungary_Makl_r,Hungary,Maklár,None
Hungary_M_ndok,Hungary,Mándok,None
Hungary_Marcali,Hungary,Marcali,None
Hungary_Martf,Hungary,Martfű,Martin’s Ford
Hungary_M_traderecske,Hungary,Mátraderecske,Mátra Derecske
Hungary_Mez_ber_ny,Hungary,Mezőberény,Field Lamb
Hungary_Mez_cs_t,Hungary,Mezőcsát,None
Hungary_Mez_hegyes,Hungary,Mezőhegyes,Field Hill
Hungary_Mez_kov_csh_za,Hungary,Mezőkovácsháza,Field Smith House
Hungary_Mez_t_r,Hungary,Mezőtúr,Field Tower
Hungary_Miskolcz,Hungary,Miskolcz,None
Hungary_Moh_cs,Hungary,Mohács,None
Hungary_Monor,Hungary,Monor,None
Hungary_Moson,Hungary,Moson,None
Hungary_Nagyat_d,Hungary,Nagyatád,Big Atád
Hungary_Nagybajom,Hungary,Nagybajom,Big Trouble
Hungary_Nagyk_ll,Hungary,Nagykálló,Big Kálló
Hungary_Nagykanizsa,Hungary,Nagykanizsa,Big Kanizsa
Hungary_Nagyk_ta,Hungary,Nagykáta,Big Káta
Hungary_Nagyk_r,Hungary,Nagykörű,Big Circle
Hungary_Nagymaros,Hungary,Nagymaros,Big Maros
Hungary_Nagyv_rad,Hungary,Nagyvárad,Big Castle
Hungary_Ny_kl_dh_za,Hungary,Nyékládháza,Nyék House
Hungary_Ny_radony,Hungary,Nyíradony,Birch Adony
Hungary_Ny_rb_tor,Hungary,Nyírbátor,Birch Hero
Hungary_Ny_regyh_za,Hungary,Nyíregyháza,Birch Church House
Hungary_csa,Hungary,Ócsa,None
Hungary_cs_d,Hungary,Öcsöd,None
Hungary_Orosh_za,Hungary,Orosháza,Russian House
Hungary_Oroszl_ny,Hungary,Oroszlány,Lion
Hungary_zd,Hungary,Ózd,None
Hungary_Paks,Hungary,Paks,None
Hungary_Pannonhalma,Hungary,Pannonhalma,Pannon Hill
Hungary_P_pa,Hungary,Pápa,None
Hungary_P_szt,Hungary,Pásztó,Shepherd
Hungary_P_csv_rad,Hungary,Pécsvárad,Pécs Castle
Hungary_P_terv_s_ra,Hungary,Pétervására,Peter’s Market
Hungary_Pilis,Hungary,Pilis,None
Hungary_Polg_r,Hungary,Polgár,Citizen
Hungary_Pom_z,Hungary,Pomáz,None
Hungary_P_sp_klad_ny,Hungary,Püspökladány,Bishop Ladány
Hungary_P_sp_kszil_gy,Hungary,Püspökszilágy,Bishop Szilágy
Hungary_R_ckeve,Hungary,Ráckeve,Serb Danube
Hungary_Rakamaz,Hungary,Rakamaz,None
Hungary_R_ts_g,Hungary,Rétság,Meadow
Hungary_S_rospatak,Hungary,Sárospatak,Muddy Stream
Hungary_S_sd,Hungary,Sásd,None
Hungary_S_toralja_jhely,Hungary,Sátoraljaújhely,Tent New Place
Hungary_Sellye,Hungary,Sellye,None
Hungary_Sikl_s,Hungary,Siklós,None
Hungary_Simontornya,Hungary,Simontornya,Simon Tower
Hungary_Soltvadkert,Hungary,Soltvadkert,Salt Wild Garden
Hungary_Somogyv_r,Hungary,Somogyvár,Somogy Castle
Hungary_Sopron,Hungary,Sopron,None
Hungary_S_meg,Hungary,Sümeg,None
Hungary_Szabadbatty_n,Hungary,Szabadbattyán,Free Battyán
Hungary_Szabadsz_ll_s,Hungary,Szabadszállás,Free Lodging
Hungary_Szalonna,Hungary,Szalonna,Bacon
Hungary_Szarvas,Hungary,Szarvas,Deer
Hungary_Sz_cs_ny,Hungary,Szécsény,None
Hungary_Szedres,Hungary,Szedres,Mulberry
Hungary_Szeghalom,Hungary,Szeghalom,Border Elm
Hungary_Szentendre,Hungary,Szentendre,Saint Andrew
Hungary_Szentgotth_rd,Hungary,Szentgotthárd,Saint Gotthard
Hungary_Szigetszentmikl_s,Hungary,Szigetszentmiklós,Island Saint Nicholas
Hungary_Sziksz,Hungary,Szikszó,None
Hungary_Szilv_sv_rad,Hungary,Szilvásvárad,Plum Castle
Hungary_Szob,Hungary,Szob,None
Hungary_Szolnok,Hungary,Szolnok,None
Hungary_Tab,Hungary,Tab,None
Hungary_Tam_si,Hungary,Tamási,None
Hungary_T_pi_szele,Hungary,Tápiószele,Tápió Wind
Hungary_T_pi_szentm_rton,Hungary,Tápiószentmárton,Tápió Saint Martin
Hungary_Tarcal,Hungary,Tarcal,None
Hungary_T_rk_ny,Hungary,Tárkány,None
Hungary_Tata,Hungary,Tata,None
Hungary_T_t,Hungary,Tét,None
Hungary_Tiszaf_red,Hungary,Tiszafüred,Tisza Bath
Hungary_Tiszak_cske,Hungary,Tiszakécske,Tisza Kécske
Hungary_Tiszal_k,Hungary,Tiszalök,Tisza Lock
Hungary_Tiszavasv_ri,Hungary,Tiszavasvári,Tisza Market
Hungary_Tolcsva,Hungary,Tolcsva,None
Hungary_Tolna,Hungary,Tolna,None
Hungary_T_r_kb_lint,Hungary,Törökbálint,Turkish Bálint
Hungary_Tura,Hungary,Tura,None
Hungary_jfeh_rt,Hungary,Újfehértó,New White Lake
Hungary_jsz_sz,Hungary,Újszász,New Szász
Hungary_V_c,Hungary,Vác,None
Hungary_V_mosp_rcs,Hungary,Vámospércs,Customs Perch
Hungary_V_rpalota,Hungary,Várpalota,Castle Palace
Hungary_Vasv_r,Hungary,Vasvár,Iron Castle
Hungary_Vecs_s,Hungary,Vecsés,None
Hungary_Velence,Hungary,Velence,Venice
Hungary_Veresegyh_z,Hungary,Veresegyház,Red Church House
Hungary_Veszpr_m,Hungary,Veszprém,None
Hungary_Vilm_ny,Hungary,Vilmány,None
Hungary_Zalal_v,Hungary,Zalalövő,Zala Archer
Hungary_Zalaszentgr_t,Hungary,Zalaszentgrót,Zala Saint Grót
Hungary_Zirc,Hungary,Zirc,None
Hungary_Zs_mb_k,Hungary,Zsámbék,None
Italy_Abbadia,Italy,Abbadia,Abbey
Italy_Acqui,Italy,Acqui,Waters
Italy_Agli,Italy,Agliè,None
Italy_Alagna,Italy,Alagna,None
Italy_Albenga,Italy,Albenga,None
Italy_Altopascio,Italy,Altopascio,High Passage
Italy_Arquata,Italy,Arquata,Arch
Italy_Asolo,Italy,Asolo,None
Italy_Atrani,Italy,Atrani,None
Italy_Avigliana,Italy,Avigliana,None
Italy_Bagnolo,Italy,Bagnolo,Little Bath
Italy_Bardolino,Italy,Bardolino,None
Italy_Barolo,Italy,Barolo,None
Italy_Bellagio,Italy,Bellagio,None
Italy_Biella,Italy,Biella,None
Italy_Borgo,Italy,Borgo,Village
Italy_Brisighella,Italy,Brisighella,None
Italy_Brunate,Italy,Brunate,None
Italy_Busca,Italy,Busca,None
Italy_Bussoleno,Italy,Bussoleno,None
Italy_Campiglia,Italy,Campiglia,Little Field
Italy_Casale,Italy,Casale,Cottage
Italy_Castagno,Italy,Castagno,Chestnut
Italy_Castelfranco,Italy,Castelfranco,Free Castle
Italy_Cavaglio,Italy,Cavaglio,None
Italy_Cerveteri,Italy,Cerveteri,None
Italy_Cetona,Italy,Cetona,None
Italy_Chiavenna,Italy,Chiavenna,None
Italy_Cingoli,Italy,Cingoli,None
Italy_Cividale,Italy,Cividale,Citizen’s Valley
Italy_Dego,Italy,Dego,None
Italy_Dervio,Italy,Dervio,None
Italy_Diano,Italy,Diano,None
Italy_Dogliani,Italy,Dogliani,None
Italy_Dolceacqua,Italy,Dolceacqua,Sweet Water
Italy_Dolcedo,Italy,Dolcedo,Sweet Place
Italy_Domodossola,Italy,Domodossola,None
Italy_Donoratico,Italy,Donoratico,None
Italy_Dossena,Italy,Dossena,None
Italy_Dronero,Italy,Dronero,None
Italy_Erba,Italy,Erba,Grass
Italy_Esino,Italy,Esino,None
Italy_Este,Italy,Este,None
Italy_Fabriano,Italy,Fabriano,None
Italy_Faenza,Italy,Faenza,None
Italy_Feltre,Italy,Feltre,None
Italy_Fiesole,Italy,Fiesole,None
Italy_Finale,Italy,Finale,End
Italy_Fiorano,Italy,Fiorano,Flowery
Italy_Fiumalbo,Italy,Fiumalbo,White River
Italy_Fivizzano,Italy,Fivizzano,None
Italy_Follina,Italy,Follina,None
Italy_Fornovo,Italy,Fornovo,Oven
Italy_Fosciandora,Italy,Fosciandora,None
Italy_Fossano,Italy,Fossano,None
Italy_Fossombrone,Italy,Fossombrone,Bronze Ditch
Italy_Frascati,Italy,Frascati,None
Italy_Fratte,Italy,Fratte,None
Italy_Galzignano,Italy,Galzignano,None
Italy_Gattinara,Italy,Gattinara,None
Italy_Gavi,Italy,Gavi,None
Italy_Gavirate,Italy,Gavirate,None
Italy_Gessopalena,Italy,Gessopalena,None
Italy_Ghemme,Italy,Ghemme,None
Italy_Giaveno,Italy,Giaveno,None
Italy_Grado,Italy,Grado,None
Italy_Greve,Italy,Greve,Gravel
Italy_Grignasco,Italy,Grignasco,None
Italy_Gualdo,Italy,Gualdo,None
Italy_Gubbio,Italy,Gubbio,None
Italy_Impruneta,Italy,Impruneta,None
Italy_Ischia,Italy,Ischia,None
Italy_Iseo,Italy,Iseo,None
Italy_Ivrea,Italy,Ivrea,None
Italy_Langhirano,Italy,Langhirano,None
Italy_Levanto,Italy,Levanto,None
Italy_Limone,Italy,Limone,Lemon
Italy_Lizzano,Italy,Lizzano,None
Italy_Lizzano_2,Italy,Lizzano,None
Italy_Lodi,Italy,Lodi,None
Italy_Loro,Italy,Loro,None
Italy_Loro_Ciuffenna,Italy,Loro Ciuffenna,None
Italy_Luserna,Italy,Luserna,None
Italy_Lusignano,Italy,Lusignano,None
Italy_Marciana,Italy,Marciana,None
Italy_Marsala,Italy,Marsala,None
Italy_Massarosa,Italy,Massarosa,None
Italy_Melfi,Italy,Melfi,None
Italy_Mercatello,Italy,Mercatello,Little Market
Italy_Mergo,Italy,Mergo,None
Italy_Montaione,Italy,Montaione,Big Mountain
Italy_Montalcino,Italy,Montalcino,Little Oak Mountain
Italy_Montecatini,Italy,Montecatini,Little Cat Mountain
Italy_Montefalco,Italy,Montefalco,Falcon Mountain
Italy_Montemarciano,Italy,Montemarciano,Mars Mountain
Italy_Montepulciano,Italy,Montepulciano,Many Hills Mountain
Italy_Montespertoli,Italy,Montespertoli,Spur Mountain
Italy_Montevarchi,Italy,Montevarchi,Archer Mountain
Italy_Monticelli,Italy,Monticelli,Little Mountains
Italy_Montoggio,Italy,Montoggio,None
Italy_Noli,Italy,Noli,None
Italy_Norcia,Italy,Norcia,None
Italy_Noto,Italy,Noto,None
Italy_Novi,Italy,Novi,New
Italy_Numana,Italy,Numana,None
Italy_Oliena,Italy,Oliena,None
Italy_Omegna,Italy,Omegna,None
Italy_Orta,Italy,Orta,None
Italy_Orte,Italy,Orte,None
Italy_Ortona,Italy,Ortona,None
Italy_Osimo,Italy,Osimo,None
Italy_Ostuni,Italy,Ostuni,None
Italy_Otricoli,Italy,Otricoli,None
Italy_Oulx,Italy,Oulx,None
Italy_Oviglio,Italy,Oviglio,None
Italy_Ozieri,Italy,Ozieri,None
Italy_Ozzano,Italy,Ozzano,None
Italy_Palazzolo,Italy,Palazzolo,Little Palace
Italy_Peschiera,Italy,Peschiera,Fishery
Italy_Pianoro,Italy,Pianoro,Plain
Italy_Pienza,Italy,Pienza,None
Italy_Pieve,Italy,Pieve,Parish
Italy_Polesine,Italy,Polesine,Little Plain
Italy_Pontremoli,Italy,Pontremoli,Trembling Bridge
Italy_Poppi,Italy,Poppi,None
Italy_Porretta,Italy,Porretta,None
Italy_Pralormo,Italy,Pralormo,None
Italy_Premeno,Italy,Premeno,None
Italy_Radda,Italy,Radda,None
Italy_Rocca,Italy,Rocca,Fortress
Italy_Rufina,Italy,Rufina,None
Italy_Salara,Italy,Salara,None
Italy_Salice,Italy,Salice,Willow
Italy_Saludecio,Italy,Saludecio,None
Italy_Saluzzo,Italy,Saluzzo,None
Italy_Sanremo,Italy,Sanremo,Saint Remus
Italy_Sansepolcro,Italy,Sansepolcro,Holy Sepulcher
Italy_Sarzana,Italy,Sarzana,None
Italy_Sasso,Italy,Sasso,Stone
Italy_Savigliano,Italy,Savigliano,None
Italy_Savona,Italy,Savona,None
Italy_Scansano,Italy,Scansano,None
Italy_Scilla,Italy,Scilla,None
Italy_Sermoneta,Italy,Sermoneta,None
Italy_Sestola,Italy,Sestola,None
Italy_Sestri,Italy,Sestri,None
Italy_Sinalunga,Italy,Sinalunga,None
Italy_Sizzano,Italy,Sizzano,None
Italy_Todi,Italy,Todi,None
Italy_Torgiano,Italy,Torgiano,None
Italy_Trani,Italy,Trani,None
Italy_Tratalias,Italy,Tratalias,None
Italy_Tremezzo,Italy,Tremezzo,None
Italy_Tremosine,Italy,Tremosine,None
Italy_Trevi,Italy,Trevi,None
Italy_Treviglio,Italy,Treviglio,None
Italy_Tropea,Italy,Tropea,None
Italy_Tuscania,Italy,Tuscania,None
Italy_Umbertide,Italy,Umbertide,None
Italy_Urbino,Italy,Urbino,None
Italy_Varallo,Italy,Varallo,None
Italy_Verbania,Italy,Verbania,None
Italy_Vernazza,Italy,Vernazza,None
Italy_Vetralla,Italy,Vetralla,None
Italy_Viano,Italy,Viano,None
Italy_Vico,Italy,Vico,Village
Italy_Vidiciatico,Italy,Vidiciatico,None
Italy_Vigevano,Italy,Vigevano,None
Italy_Vigolo,Italy,Vigolo,None
Italy_Vitorchiano,Italy,Vitorchiano,None
Italy_Vobbia,Italy,Vobbia,None
Italy_Voghera,Italy,Voghera,None
Italy_Volpago,Italy,Volpago,None
Italy_Volterra,Italy,Volterra,None
Italy_Vottignasco,Italy,Vottignasco,None
Italy_Zeri,Italy,Zeri,None
Italy_Zoagli,Italy,Zoagli,None
Italy_Zocca,Italy,Zocca,None
Italy_Zogno,Italy,Zogno,None
Italy_Zogno_2,Italy,Zogno,None
Japan_Aikawa,Japan,Aikawa,Meeting River
Japan_Aizu,Japan,Aizu,None
Japan_Aki,Japan,Aki,Autumn
Japan_Ako,Japan,Ako,None
Japan_Amagi,Japan,Amagi,Heavenly Castle
Japan_Arita,Japan,Arita,None
Japan_Aso,Japan,Aso,None
Japan_Asuka,Japan,Asuka,Flying Bird
Japan_Beppu,Japan,Beppu,None
Japan_Bingo,Japan,Bingo,None
Japan_Bitchu,Japan,Bitchu,None
Japan_Bizen,Japan,Bizen,None
Japan_Boshu,Japan,Boshu,None
Japan_Bungo,Japan,Bungo,None
Japan_Bunzan,Japan,Bunzan,None
Japan_Buzen,Japan,Buzen,None
Japan_Chichibu,Japan,Chichibu,None
Japan_Chikugo,Japan,Chikugo,None
Japan_Chikuma,Japan,Chikuma,Thousand Horses
Japan_Chino,Japan,Chino,Thousand Fields
Japan_Chiryu,Japan,Chiryu,Thousand Willows
Japan_Chizu,Japan,Chizu,Thousand Storks
Japan_Chokai,Japan,Chokai,None
Japan_Choshi,Japan,Choshi,None
Japan_Ebino,Japan,Ebino,None
Japan_Echigo,Japan,Echigo,None
Japan_Echizen,Japan,Echizen,None
Japan_Ena,Japan,Ena,None
Japan_Enzan,Japan,Enzan,Salt Mountain
Japan_Esashi,Japan,Esashi,None
Japan_Etchu,Japan,Etchu,None
Japan_Ezo,Japan,Ezo,None
Japan_Fuchu,Japan,Fuchu,Prefecture Capital
Japan_Fuka,Japan,Fuka,None
Japan_Fukaura,Japan,Fukaura,Deep Bay
Japan_Fukui,Japan,Fukui,Blessed Well
Japan_Funai,Japan,Funai,None
Japan_Furukawa,Japan,Furukawa,Old River
Japan_Fushimi,Japan,Fushimi,Hidden Water
Japan_Futtsu,Japan,Futtsu,None
Japan_Gifu,Japan,Gifu,None
Japan_Gose,Japan,Gose,None
Japan_Hagi,Japan,Hagi,Bush Clover
Japan_Hakui,Japan,Hakui,White Robe
Japan_Hida,Japan,Hida,None
Japan_Higo,Japan,Higo,None
Japan_Hikawa,Japan,Hikawa,Ice River
Japan_Himi,Japan,Himi,None
Japan_Hita,Japan,Hita,None
Japan_Hitachi,Japan,Hitachi,None
Japan_Hiwasa,Japan,Hiwasa,Sun Harmony
Japan_Hizen,Japan,Hizen,None
Japan_Hokki,Japan,Hokki,None
Japan_Hokuetsu,Japan,Hokuetsu,None
Japan_Hokuto,Japan,Hokuto,North Star
Japan_Hondo,Japan,Hondo,Main Land
Japan_Iga,Japan,Iga,None
Japan_Imari,Japan,Imari,None
Japan_Ina,Japan,Ina,None
Japan_Inaba,Japan,Inaba,None
Japan_Ine,Japan,Ine,None
Japan_Ino,Japan,Ino,Wild Boar
Japan_Inukai,Japan,Inukai,Dog House
Japan_Ise,Japan,Ise,None
Japan_Isehara,Japan,Isehara,Shrine Plain
Japan_Iwaki,Japan,Iwaki,None
Japan_Iwami,Japan,Iwami,None
Japan_Iwanai,Japan,Iwanai,None
Japan_Iwase,Japan,Iwase,Rock Rapids
Japan_Iwatsuki,Japan,Iwatsuki,Rock Moon
Japan_Iyo,Japan,Iyo,None
Japan_Izu,Japan,Izu,None
Japan_Izumo,Japan,Izumo,None
Japan_Kaga,Japan,Kaga,None
Japan_Kainan,Japan,Kainan,South Sea
Japan_Kakegawa,Japan,Kakegawa,Hanging River
Japan_Kameoka,Japan,Kameoka,Turtle Hill
Japan_Kamioka,Japan,Kamioka,Upper Hill
Japan_Kamo,Japan,Kamo,Wild Duck
Japan_Karatsu,Japan,Karatsu,None
Japan_Kasaoka,Japan,Kasaoka,Umbrella Hill
Japan_Kashima,Japan,Kashima,Deer Island
Japan_Katori,Japan,Katori,None
Japan_Katori_2,Japan,Katori,None
Japan_Katsuyama,Japan,Katsuyama,Victory Mountain
Japan_Kawagoe,Japan,Kawagoe,River Pass
Japan_Kawanishi,Japan,Kawanishi,West River
Japan_Kazamaura,Japan,Kazamaura,Wind Village
Japan_Kii,Japan,Kii,None
Japan_Kinugawa,Japan,Kinugawa,Silk River
Japan_Kiso,Japan,Kiso,None
Japan_Kiso_2,Japan,Kiso,None
Japan_Kiso_3,Japan,Kiso,None
Japan_Kiso_4,Japan,Kiso,None
Japan_Kofu,Japan,Kofu,None
Japan_Kurobe,Japan,Kurobe,Black River
Japan_Kuwana,Japan,Kuwana,None
Japan_Matsue,Japan,Matsue,Pine Bay
Japan_Mikawa,Japan,Mikawa,Three Rivers
Japan_Miki,Japan,Miki,None
Japan_Mimasaka,Japan,Mimasaka,None
Japan_Minabe,Japan,Minabe,Plum Bay
Japan_Mino,Japan,Mino,None
Japan_Mito,Japan,Mito,None
Japan_Miyako,Japan,Miyako,None
Japan_Miyazu,Japan,Miyazu,Shrine Bay
Japan_Moka,Japan,Moka,None
Japan_Muroto,Japan,Muroto,None
Japan_Mutsu,Japan,Mutsu,None
Japan_Nago,Japan,Nago,None
Japan_Naka,Japan,Naka,Middle
Japan_Nakaoka,Japan,Nakaoka,Middle Hill
Japan_Nakatsu,Japan,Nakatsu,Middle Port
Japan_Namioka,Japan,Namioka,Wave Hill
Japan_Natori,Japan,Natori,None
Japan_Niimi,Japan,Niimi,New Beauty
Japan_Nima,Japan,Nima,None
Japan_Nirasaki,Japan,Nirasaki,None
Japan_Noheji,Japan,Noheji,None
Japan_Noto,Japan,Noto,None
Japan_Noto_2,Japan,Noto,None
Japan_Obama,Japan,Obama,Small Beach
Japan_Oga,Japan,Oga,None
Japan_Oita,Japan,Oita,None
Japan_Oki,Japan,Oki,Offshore
Japan_Ome,Japan,Ome,None
Japan_Omi,Japan,Omi,None
Japan_Omura,Japan,Omura,Great Bay
Japan_Owari,Japan,Owari,None
Japan_Sado,Japan,Sado,None
Japan_Saka,Japan,Saka,Slope
Japan_Saku,Japan,Saku,None
Japan_Sakuho,Japan,Sakuho,None
Japan_Sano,Japan,Sano,None
Japan_Sanuki,Japan,Sanuki,None
Japan_Sasebo,Japan,Sasebo,None
Japan_Satsuma,Japan,Satsuma,None
Japan_Shima,Japan,Shima,Island
Japan_Shimoda,Japan,Shimoda,Lower Field
Japan_Shimonita,Japan,Shimonita,Lower Field
Japan_Shingu,Japan,Shingu,New Shrine
Japan_Shinjo,Japan,Shinjo,New Place
Japan_Shioya,Japan,Shioya,Salt Valley
Japan_Shirakawa,Japan,Shirakawa,White River
Japan_Shizukuishi,Japan,Shizukuishi,Droplet Stone
Japan_Tajima,Japan,Tajima,None
Japan_Takanabe,Japan,Takanabe,High Plain
Japan_Takanotsume,Japan,Takanotsume,Hawk’s Claw
Japan_Tanba,Japan,Tanba,None
Japan_Tane,Japan,Tane,Seed
Japan_Tango,Japan,Tango,None
Japan_Tendo,Japan,Tendo,Heavenly Child
Japan_Teshio,Japan,Teshio,None
Japan_Toba,Japan,Toba,None
Japan_Toba_2,Japan,Toba,None
Japan_Toki,Japan,Toki,None
Japan_Tomari,Japan,Tomari,Anchorage
Japan_Tomioka,Japan,Tomioka,Wealth Hill
Japan_Tosa,Japan,Tosa,None
Japan_Tsugaru,Japan,Tsugaru,None
Japan_Ueda,Japan,Ueda,Upper Field
Japan_Ueno,Japan,Ueno,Upper Field
Japan_Ugo,Japan,Ugo,None
Japan_Ukiha,Japan,Ukiha,None
Japan_Ureshino,Japan,Ureshino,Joyful Field
Japan_Utsunomiya,Japan,Utsunomiya,None
Japan_Uwajima,Japan,Uwajima,Upper Island
Japan_Uzen,Japan,Uzen,None
Japan_Wajima,Japan,Wajima,Wheel Island
Japan_Wakasa,Japan,Wakasa,Young Sand
Japan_Yabe,Japan,Yabe,None
Japan_Yaita,Japan,Yaita,None
Japan_Yamaga,Japan,Yamaga,Mountain Deer
Japan_Yanaizu,Japan,Yanaizu,Willow Spring
Japan_Yatsushiro,Japan,Yatsushiro,Eighth Generation
Japan_Yazu,Japan,Yazu,None
Japan_Yonezawa,Japan,Yonezawa,Rice Marsh
Japan_Yoro,Japan,Yoro,None
Korea_Anju,Korea,Anju,Peaceful Haven
Korea_Ch_angju,Korea,Ch’angju,Eternal Haven
Korea_Ch_angsan,Korea,Ch’angsan,Eternal Mountain
Korea_Ch_angson,Korea,Ch’angson,Eternal Pine
Korea_Ch_angsong,Korea,Ch’angsong,Eternal Pine
Korea_Ch_angwon,Korea,Ch’angwon,Eternal Garden
Korea_Ch_ongju,Korea,Ch’ongju,Clear Haven
Korea_Ch_ongju_2,Korea,Ch’ongju,Clear Haven
Korea_Ch_ongnae,Korea,Ch’ongnae,Clear Plain
Korea_Ch_ongp_o,Korea,Ch’ongp’o,Clear Harbor
Korea_Ch_ongsan,Korea,Ch’ongsan,Clear Mountain
Korea_Ch_ongsan_2,Korea,Ch’ongsan,Clear Mountain
Korea_Ch_ongson,Korea,Ch’ongson,Clear Pine
Korea_Ch_ongson_2,Korea,Ch’ongson,Clear Pine
Korea_Ch_ongsong,Korea,Ch’ongsong,Clear Pine
Korea_Ch_uanchon,Korea,Ch’uanchon,Spring Village
Korea_Ch_uanju,Korea,Ch’uanju,Spring Haven
Korea_Ch_uanju_2,Korea,Ch’uanju,Spring Haven
Korea_Ch_uanp_o,Korea,Ch’uanp’o,Spring Harbor
Korea_Changnyong,Korea,Changnyong,Long Prosperity
Korea_Chosan,Korea,Chosan,Morning Mountain
Korea_Hsinch_ang,Korea,Hsinch’ang,New Prosperity
Korea_Hsinch_on,Korea,Hsinch’on,New Village
Korea_Hsinchon,Korea,Hsinchon,New Village
Korea_Hsinju,Korea,Hsinju,New Haven
Korea_Hsinju_2,Korea,Hsinju,New Haven
Korea_Hsinp_o,Korea,Hsinp’o,New Harbor
Korea_Hsinp_o_2,Korea,Hsinp’o,New Harbor
Korea_Hsinyang,Korea,Hsinyang,New Sun
Korea_Hsinyang_2,Korea,Hsinyang,New Sun
Korea_Hyangchon,Korea,Hyangchon,Fragrant Village
Korea_Hyangju,Korea,Hyangju,Fragrant Haven
Korea_Hyangson,Korea,Hyangson,Fragrant Pine
Korea_Hyangyang,Korea,Hyangyang,Fragrant Sun
Korea_Hyonam,Korea,Hyonam,Wise Rock
Korea_Hyonchon,Korea,Hyonchon,Wise Village
Korea_Hyonju,Korea,Hyonju,Wise Haven
Korea_Hyonp_o,Korea,Hyonp’o,Wise Harbor
Korea_Hyonsan,Korea,Hyonsan,Wise Mountain
Korea_Hyonsong,Korea,Hyonsong,Wise Pine
Korea_Kaechon,Korea,Kaechon,Open Stream
Korea_Kaeju,Korea,Kaeju,Open Haven
Korea_Kaep_o,Korea,Kaep’o,Open Harbor
Korea_Kaeson,Korea,Kaeson,Open Pine
Korea_Kaeson_2,Korea,Kaeson,Open Pine
Korea_Kanch_ang,Korea,Kanch’ang,Sweet Prosperity
Korea_Kanchon,Korea,Kanchon,Sweet Village
Korea_Kanju,Korea,Kanju,Sweet Haven
Korea_Kanson,Korea,Kanson,Sweet Pine
Korea_Koryong,Korea,Koryong,High Ridge
Korea_Kwanch_ang,Korea,Kwanch’ang,Pass Prosperity
Korea_Kwanchon,Korea,Kwanchon,Pass Village
Korea_Kwanchon_2,Korea,Kwanchon,Pass Village
Korea_Kwanp_o,Korea,Kwanp’o,Pass Harbor
Korea_Kwanson,Korea,Kwanson,Pass Pine
Korea_Kwiju,Korea,Kwiju,Laurel Haven
Korea_Kwiju_2,Korea,Kwiju,Laurel Haven
Korea_Kwison,Korea,Kwison,Laurel Pine
Korea_Kwison_2,Korea,Kwison,Laurel Pine
Korea_Myongchon,Korea,Myongchon,Bright Village
Korea_Myongju,Korea,Myongju,Bright Haven
Korea_Myongnae,Korea,Myongnae,Bright Plain
Korea_Myongp_o,Korea,Myongp’o,Bright Harbor
Korea_Myongsan,Korea,Myongsan,Bright Mountain
Korea_Myongson,Korea,Myongson,Bright Pine
Korea_Namchon,Korea,Namchon,Southern Village
Korea_Namp_o,Korea,Namp’o,Southern Harbor
Korea_Namyang,Korea,Namyang,Southern Sun
Korea_Namyang_2,Korea,Namyang,Southern Sun
Korea_Namyong,Korea,Namyong,Southern Dragon
Korea_Nanchon,Korea,Nanchon,Southern Village
Korea_Nanchong,Korea,Nanchong,Southern Clarity
Korea_Nanson,Korea,Nanson,Southern Pine
Korea_Nanson_2,Korea,Nanson,Southern Pine
Korea_Nonchon,Korea,Nonchon,Farm Village
Korea_Nongso,Korea,Nongso,Farming Place
Korea_Nonju,Korea,Nonju,Farm Haven
Korea_Nonp_o,Korea,Nonp’o,Farm Harbor
Korea_Nonsan,Korea,Nonsan,Farm Mountain
Korea_P_ochon,Korea,P’ochon,Universal Village
Korea_P_ohchon,Korea,P’ohchon,Universal Village
Korea_P_ohju,Korea,P’ohju,Universal Haven
Korea_P_ohyang,Korea,P’ohyang,Universal Sun
Korea_P_ohyang_2,Korea,P’ohyang,Universal Sun
Korea_P_osan,Korea,P’osan,Treasure Mountain
Korea_P_osan_2,Korea,P’osan,Treasure Mountain
Korea_P_osong,Korea,P’osong,Treasure Pine
Korea_P_osong_2,Korea,P’osong,Treasure Pine
Korea_P_ungchon,Korea,P’ungchon,Wind Village
Korea_P_ungju,Korea,P’ungju,Wind Haven
Korea_P_ungsan,Korea,P’ungsan,Wind Mountain
Korea_P_ungson,Korea,P’ungson,Wind Pine
Korea_P_yongchon,Korea,P’yongchon,Peaceful Village
Korea_P_yonggang,Korea,P’yonggang,Peaceful River
Korea_P_yongju,Korea,P’yongju,Peaceful Haven
Korea_P_yongnae,Korea,P’yongnae,Peaceful Plain
Korea_P_yongsan,Korea,P’yongsan,Peaceful Mountain
Korea_P_yongson,Korea,P’yongson,Peaceful Pine
Korea_Paekchon,Korea,Paekchon,White Village
Korea_Ponghwa,Korea,Ponghwa,Phoenix Flower
Korea_Punae,Korea,Punae,Prosperous Plain
Korea_Sanchon,Korea,Sanchon,Mountain Village
Korea_Sanchong,Korea,Sanchong,Mountain Clarity
Korea_Sanju,Korea,Sanju,Mountain Haven
Korea_Sansan,Korea,Sansan,Mountain Mountain
Korea_Sansong,Korea,Sansong,Mountain Pine
Korea_Sansong_2,Korea,Sansong,Mountain Pine
Korea_Shaohyang,Korea,Shaohyang,Small Fragrance
Korea_Shaosong,Korea,Shaosong,Small Pine
Korea_Shaowon,Korea,Shaowon,Small Garden
Korea_Shaoyang,Korea,Shaoyang,Small Sun
Korea_Sich_ang,Korea,Sich’ang,Stone Prosperity
Korea_Sichon,Korea,Sichon,Stone Village
Korea_Sichon_2,Korea,Sichon,Stone Village
Korea_Siju,Korea,Siju,Stone Haven
Korea_Siju_2,Korea,Siju,Stone Haven
Korea_Songchon,Korea,Songchon,Pine Village
Korea_Songju,Korea,Songju,Pine Haven
Korea_Songsan,Korea,Songsan,Pine Mountain
Korea_Songyang,Korea,Songyang,Pine Sun
Korea_Suichon,Korea,Suichon,Water Village
Korea_Suiju,Korea,Suiju,Water Haven
Korea_Suinae,Korea,Suinae,Water Plain
Korea_Suison,Korea,Suison,Water Pine
Korea_T_aebaek,Korea,T’aebaek,Great White
Korea_T_aecheon,Korea,T’aecheon,Great Stream
Korea_T_aep_o,Korea,T’aep’o,Great Harbor
Korea_T_aeson,Korea,T’aeson,Great Pine
Korea_T_aeyang,Korea,T’aeyang,Great Sun
Korea_T_aeyang_2,Korea,T’aeyang,Great Sun
Korea_T_ongnae,Korea,T’ongnae,Unified Plain
Korea_T_ongp_o,Korea,T’ongp’o,Unified Harbor
Korea_T_ongson,Korea,T’ongson,Unified Pine
Korea_T_ongyang,Korea,T’ongyang,Unified Sun
Korea_Tongch_ang,Korea,Tongch’ang,Eastern Prosperity
Korea_Tongchon,Korea,Tongchon,Eastern Village
Korea_Tongju,Korea,Tongju,Eastern Haven
Korea_Tongnae,Korea,Tongnae,Eastern Plain
Korea_Tongnae_2,Korea,Tongnae,Eastern Plain
Korea_Tongp_o,Korea,Tongp’o,Eastern Harbor
Korea_Tongson,Korea,Tongson,Eastern Pine
Korea_Tongson_2,Korea,Tongson,Eastern Pine
Korea_Tongyang,Korea,Tongyang,Eastern Sun
Korea_Tongyang_2,Korea,Tongyang,Eastern Sun
Korea_Wonsan,Korea,Wonsan,Original Mountain
Korea_Wuch_ang,Korea,Wuch’ang,Black Prosperity
Korea_Wuchon,Korea,Wuchon,Black Village
Korea_Wuju,Korea,Wuju,Black Haven
Korea_Wusan,Korea,Wusan,Black Mountain
Korea_Wusong,Korea,Wusong,Black Pine
Korea_Yangchon,Korea,Yangchon,Poplar Village
Korea_Yangju,Korea,Yangju,Poplar Haven
Korea_Yangp_o,Korea,Yangp’o,Poplar Harbor
Korea_Yangpyong,Korea,Yangpyong,Poplar Peace
Korea_Yangsan,Korea,Yangsan,Poplar Mountain
Korea_Yonan,Korea,Yonan,Swallow Shore
Korea_Yonchon,Korea,Yonchon,Swallow Village
Korea_Yongch_ang,Korea,Yongch’ang,Dragon Prosperity
Korea_Yongchon,Korea,Yongchon,Dragon Village
Korea_Yonggang,Korea,Yonggang,Dragon River
Korea_Yongju,Korea,Yongju,Dragon Haven
Korea_Yongnae,Korea,Yongnae,Dragon Plain
Korea_Yongp_o,Korea,Yongp’o,Dragon Harbor
Korea_Yongson,Korea,Yongson,Dragon Pine
Korea_Yongson_2,Korea,Yongson,Dragon Pine
Korea_Yongyang,Korea,Yongyang,Dragon Sun
Korea_Yonju,Korea,Yonju,Lotus Haven
Korea_Yonp_o,Korea,Yonp’o,Swallow Harbor
Korea_Yonsan,Korea,Yonsan,Swallow Mountain
Korea_Yonsong,Korea,Yonsong,Swallow Pine
Korea_Yungnae,Korea,Yungnae,Eternal Plain
Korea_Yungp_o,Korea,Yungp’o,Eternal Harbor
Korea_Yungson,Korea,Yungson,Eternal Pine
Korea_Yungson_2,Korea,Yungson,Eternal Pine
Asian_Aekyo,Asian,Aekyo,Autumn Mirror
Asian_Aemun,Asian,Aemun,Autumn Gate
Asian_Aesaeng,Asian,Aesaeng,Autumn Life
Asian_Aeshi,Asian,Aeshi,Autumn Stone
Asian_Aeshun,Asian,Aeshun,Autumn Spring
Asian_Aishun,Asian,Aishun,Eternal Spring
Asian_Akyeon,Asian,Akyeon,Autumn Lotus
Asian_Akyul,Asian,Akyul,Autumn Whisper
Asian_Baijin,Asian,Baijin,White Mist
Asian_Baikun,Asian,Baikun,White Harmony
Asian_Baikyo,Asian,Baikyo,White Mirror
Asian_Baishu,Asian,Baishu,White Lake
Asian_Baishu_2,Asian,Baishu,White Lake
Asian_Boshao,Asian,Boshao,Treasure Dawn
Asian_Boshin,Asian,Boshin,Treasure Heart
Asian_Boshu,Asian,Boshu,Treasure Lake
Asian_Chanhua,Asian,Chanhua,Jade Flower
Asian_Chensu,Asian,Chensu,Morning Lake
Asian_Chinhai,Asian,Chinhai,True Sea
Asian_Chinkyo,Asian,Chinkyo,True Mirror
Asian_Chinshu,Asian,Chinshu,True Lake
Asian_Chinsong,Asian,Chinsong,True Pine
Asian_Chinwei,Asian,Chinwei,True Stream
Asian_Chinxu,Asian,Chinxu,True Snow
Asian_Daekyo,Asian,Daekyo,Great Mirror
Asian_Daemori,Asian,Daemori,Great Forest
Asian_Daemun,Asian,Daemun,Great Gate
Asian_Daeshi,Asian,Daeshi,Great Stone
Asian_Daeshu,Asian,Daeshu,Great Lake
Asian_Daesong,Asian,Daesong,Great Pine
Asian_Daeyun,Asian,Daeyun,Great Cloud
Asian_Daikun,Asian,Daikun,Great Harmony
Asian_Eishin,Asian,Eishin,Ice Heart
Asian_Eisong,Asian,Eisong,Ice Pine
Asian_Ekyeon,Asian,Ekyeon,Mist Lotus
Asian_Ekyul,Asian,Ekyul,Mist Whisper
Asian_Emun,Asian,Emun,Mist Gate
Asian_Emun_2,Asian,Emun,Mist Gate
Asian_Eshaen,Asian,Eshaen,Mist Bird
Asian_Eshin,Asian,Eshin,Mist Heart
Asian_Fangsha,Asian,Fangsha,Wind Sand
Asian_Fangshi,Asian,Fangshi,Wind Stone
Asian_Fangsu,Asian,Fangsu,Wind Lake
Asian_Fangxu,Asian,Fangxu,Wind Snow
Asian_Fangyu,Asian,Fangyu,Wind Rain
Asian_Fenghai,Asian,Fenghai,Wind Sea
Asian_Fenghwa,Asian,Fenghwa,Wind Flower
Asian_Fengyul,Asian,Fengyul,Wind Whisper
Asian_Goryeon,Asian,Goryeon,High Lotus
Asian_Goryu,Asian,Goryu,High Stream
Asian_Gweihwa,Asian,Gweihwa,Laurel Flower
Asian_Gweisho,Asian,Gweisho,Laurel Shore
Asian_Gweishu,Asian,Gweishu,Laurel Lake
Asian_Gweisu,Asian,Gweisu,Laurel Lake
Asian_Gweiyul,Asian,Gweiyul,Laurel Whisper
Asian_Gweiyun,Asian,Gweiyun,Laurel Cloud
Asian_Haejin,Asian,Haejin,Sea Mist
Asian_Haeshi,Asian,Haeshi,Sea Stone
Asian_Haesong,Asian,Haesong,Sea Pine
Asian_Haesu,Asian,Haesu,Sea Lake
Asian_Haeyun,Asian,Haeyun,Sea Cloud
Asian_Haijin,Asian,Haijin,Sea Mist
Asian_Hanshi,Asian,Hanshi,Sky Stone
Asian_Hanyul,Asian,Hanyul,Sky Whisper
Asian_Inkyeon,Asian,Inkyeon,Shadow Lotus
Asian_Inkyo,Asian,Inkyo,Shadow Mirror
Asian_Insaeng,Asian,Insaeng,Shadow Life
Asian_Insha,Asian,Insha,Shadow Sand
Asian_Insho,Asian,Insho,Hidden Shore
Asian_Inshun,Asian,Inshun,Shadow Spring
Asian_Inwei,Asian,Inwei,Hidden Stream
Asian_Inxu,Asian,Inxu,Shadow Snow
Asian_Jinsae,Asian,Jinsae,True Bird
Asian_Jinwei,Asian,Jinwei,True Stream
Asian_Juksaeng,Asian,Juksaeng,Bamboo Life
Asian_Jukseong,Asian,Jukseong,Bamboo Star
Asian_Jukshu,Asian,Jukshu,Bamboo Lake
Asian_Jukwei,Asian,Jukwei,Bamboo Stream
Asian_Jukxu,Asian,Jukxu,Bamboo Snow
Asian_Jukyun,Asian,Jukyun,Bamboo Cloud
Asian_Kaeji,Asian,Kaeji,Cloud Land
Asian_Kaerun,Asian,Kaerun,Cloud Path
Asian_Kaeshi,Asian,Kaeshi,Cloud Stone
Asian_Kaeshu,Asian,Kaeshu,Cloud Lake
Asian_Kaesong,Asian,Kaesong,Cloud Pine
Asian_Kaesu,Asian,Kaesu,Cloud Lake
Asian_Kaishu,Asian,Kaishu,Sea Lake
Asian_Kaishun,Asian,Kaishun,Sea Spring
Asian_Limhua,Asian,Limhua,Dawn Flower
Asian_Limkyo,Asian,Limkyo,Dawn Mirror
Asian_Limsao,Asian,Limsao,Dawn Willow
Asian_Limseong,Asian,Limseong,Dawn Star
Asian_Limshin,Asian,Limshin,Dawn Heart
Asian_Limsu,Asian,Limsu,Dawn Lake
Asian_Limxu,Asian,Limxu,Dawn Snow
Asian_Limyul,Asian,Limyul,Dawn Whisper
Asian_Mingshi,Asian,Mingshi,Bright Stone
Asian_Mingshui,Asian,Mingshui,Bright Water
Asian_Mingsong,Asian,Mingsong,Bright Pine
Asian_Mingwei,Asian,Mingwei,Bright Stream
Asian_Mingxu,Asian,Mingxu,Bright Snow
Asian_Mingyul,Asian,Mingyul,Bright Whisper
Asian_Moryeon,Asian,Moryeon,Forest Lotus
Asian_Moryu,Asian,Moryu,Forest Stream
Asian_Naeji,Asian,Naeji,Inner Land
Asian_Naeshi,Asian,Naeshi,Inner Stone
Asian_Naesong,Asian,Naesong,Inner Pine
Asian_Naewei,Asian,Naewei,Inner Stream
Asian_Naeyu,Asian,Naeyu,Inner Stream
Asian_Naeyun,Asian,Naeyun,Inner Cloud
Asian_Ningshao,Asian,Ningshao,Peaceful Dawn
Asian_Ningxu,Asian,Ningxu,Peaceful Snow
Asian_Okyeon,Asian,Okyeon,Golden Lotus
Asian_Okyo,Asian,Okyo,Golden Mirror
Asian_Okyul,Asian,Okyul,Golden Whisper
Asian_Oryang,Asian,Oryang,Golden Sun
Asian_Osaen,Asian,Osaen,Golden Bird
Asian_Osaeng,Asian,Osaeng,Golden Life
Asian_Oshin,Asian,Oshin,Golden Heart
Asian_Oshun,Asian,Oshun,Golden Spring
Asian_Pyeonji,Asian,Pyeonji,Peaceful Land
Asian_Pyunhai,Asian,Pyunhai,Peaceful Sea
Asian_Pyunji,Asian,Pyunji,Peaceful Land
Asian_Pyunseong,Asian,Pyunseong,Peaceful Star
Asian_Pyunsha,Asian,Pyunsha,Peaceful Sand
Asian_Pyunwei,Asian,Pyunwei,Peaceful Stream
Asian_Pyunxu,Asian,Pyunxu,Peaceful Snow
Asian_Qingsha,Asian,Qingsha,Clear Sand
Asian_Qingshun,Asian,Qingshun,Clear Spring
Asian_Qinhwa,Asian,Qinhwa,Clear Flower
Asian_Qinsha,Asian,Qinsha,Clear Sand
Asian_Qinshu,Asian,Qinshu,Clear Lake
Asian_Qinsong,Asian,Qinsong,Clear Pine
Asian_Qinxue,Asian,Qinxue,Clear Snow
Asian_Ryohai,Asian,Ryohai,Dragon Sea
Asian_Ryokun,Asian,Ryokun,Dragon Harmony
Asian_Ryoseong,Asian,Ryoseong,Dragon Star
Asian_Ryoseong_2,Asian,Ryoseong,Dragon Star
Asian_Ryoshin,Asian,Ryoshin,Dragon Heart
Asian_Ryukwei,Asian,Ryukwei,Dragon Stream
Asian_Ryukyo,Asian,Ryukyo,Dragon Mirror
Asian_Seihan,Asian,Seihan,Star Wave
Asian_Seikun,Asian,Seikun,Star Harmony
Asian_Seikyo,Asian,Seikyo,Star Mirror
Asian_Seimori,Asian,Seimori,Star Forest
Asian_Seimun,Asian,Seimun,Star Gate
Asian_Seishu,Asian,Seishu,Star Lake
Asian_Seokun,Asian,Seokun,Stone Harmony
Asian_Taemu,Asian,Taemu,Great Dance
Asian_Taeshao,Asian,Taeshao,Great Dawn
Asian_Taeshi,Asian,Taeshi,Great Stone
Asian_Taesu,Asian,Taesu,Great Lake
Asian_Taewei,Asian,Taewei,Great Stream
Asian_Taeyun,Asian,Taeyun,Great Cloud
Asian_Taiming,Asian,Taiming,Great Brightness
Asian_Ujikyung,Asian,Ujikyung,Rain Mirror
Asian_Ujinhwa,Asian,Ujinhwa,Rain Flower
Asian_Ujirin,Asian,Ujirin,Rain Forest
Asian_Ujisao,Asian,Ujisao,Rain Willow
Asian_Ujisong,Asian,Ujisong,Rain Pine
Asian_Usha,Asian,Usha,Rain Sand
Asian_Ushaen,Asian,Ushaen,Rain Bird
Asian_Vyenhai,Asian,Vyenhai,Lotus Sea
Asian_Vyenhwa,Asian,Vyenhwa,Lotus Flower
Asian_Vyensu,Asian,Vyensu,Lotus Lake
Asian_Vyongji,Asian,Vyongji,Lotus Land
Asian_Vyonshi,Asian,Vyonshi,Lotus Stone
Asian_Vyonsong,Asian,Vyonsong,Lotus Pine
Asian_Vyonxu,Asian,Vyonxu,Lotus Snow
Asian_Wanshi,Asian,Wanshi,Night Stone
Asian_Wanxu,Asian,Wanxu,Night Snow
Asian_Wenhai,Asian,Wenhai,Warm Sea
Asian_Wenji,Asian,Wenji,Warm Land
Asian_Wenshi,Asian,Wenshi,Warm Stone
Asian_Wensong,Asian,Wensong,Warm Pine
Asian_Wenxu,Asian,Wenxu,Warm Snow
Asian_Xaeshin,Asian,Xaeshin,Little Heart
Asian_Xaolin,Asian,Xaolin,Little Forest
Asian_Xinhai,Asian,Xinhai,New Sea
Asian_Xinhwa,Asian,Xinhwa,New Flower
Asian_Xinseong,Asian,Xinseong,New Star
Asian_Xinsu,Asian,Xinsu,New Lake
Asian_Xinyul,Asian,Xinyul,New Whisper
Asian_Yinhwa,Asian,Yinhwa,Silver Flower
Asian_Yinseong,Asian,Yinseong,Silver Star
Asian_Yushao,Asian,Yushao,Jade Dawn
Asian_Yushao_2,Asian,Yushao,Jade Dawn
Asian_Yushin,Asian,Yushin,Jade Heart
Asian_Yusong,Asian,Yusong,Jade Pine
Asian_Yuxu,Asian,Yuxu,Jade Snow
Medieval_Aelthorp,Medieval,Aelthorp,Elf Village
Medieval_Aetherby,Medieval,Aetherby,Sky Hamlet
Medieval_Aetherholt,Medieval,Aetherholt,Sky Wood
Medieval_Aethermere,Medieval,Aethermere,Sky Lake
Medieval_Ashencroft,Medieval,Ashencroft,Ash Farm
Medieval_Ashenmere,Medieval,Ashenmere,Ash Lake
Medieval_Ashenwold,Medieval,Ashenwold,Ash Forest
Medieval_Ashenwythe,Medieval,Ashenwythe,Ash Willow
Medieval_Baeldell,Medieval,Baeldell,None
Medieval_Baelfen,Medieval,Baelfen,None
Medieval_Baelthyr,Medieval,Baelthyr,Fire Tower
Medieval_Baethyr,Medieval,Baethyr,None
Medieval_Brighthollow,Medieval,Brighthollow,Bright Valley
Medieval_Brineholt,Medieval,Brineholt,Salt Wood
Medieval_Brinevale,Medieval,Brinevale,Salt Valley
Medieval_Brinewyck,Medieval,Brinewyck,Salt Hamlet
Medieval_Caeldmere,Medieval,Caeldmere,Cold Lake
Medieval_Caeldwyn,Medieval,Caeldwyn,Cold Victory
Medieval_Caeldwythe,Medieval,Caeldwythe,Cold Willow
Medieval_Caerwyn,Medieval,Caerwyn,White Fortress
Medieval_Cinderhollow,Medieval,Cinderhollow,Ember Valley
Medieval_Cinderstead,Medieval,Cinderstead,Ember Home
Medieval_Cinderwyck,Medieval,Cinderwyck,Ember Hamlet
Medieval_Cinderwythe,Medieval,Cinderwythe,Ember Willow
Medieval_Drearcliff,Medieval,Drearcliff,Gloomy Ridge
Medieval_Drearholt,Medieval,Drearholt,Gloomy Wood
Medieval_Drearmer,Medieval,Drearmer,Gloomy Lake
Medieval_Drearwyck,Medieval,Drearwyck,Gloomy Hamlet
Medieval_Duskmead,Medieval,Duskmead,Twilight Meadow
Medieval_Duskthorn,Medieval,Duskthorn,Twilight Thorn
Medieval_Duskwyrm,Medieval,Duskwyrm,Twilight Serpent
Medieval_Duskwythe,Medieval,Duskwythe,Twilight Willow
Medieval_Eboncrag,Medieval,Eboncrag,Black Rock
Medieval_Eldergrove,Medieval,Eldergrove,Elder Grove
Medieval_Elderstead,Medieval,Elderstead,Elder Home
Medieval_Elderwythe,Medieval,Elderwythe,Elder Willow
Medieval_Embermere,Medieval,Embermere,Ember Lake
Medieval_Emberthorne,Medieval,Emberthorne,Ember Thorn
Medieval_Emberwyck,Medieval,Emberwyck,Ember Hamlet
Medieval_Emberwythe,Medieval,Emberwythe,Ember Willow
Medieval_Faerndale,Medieval,Faerndale,Fairy Valley
Medieval_Farrowmere,Medieval,Farrowmere,Fallow Lake
Medieval_Farrowstead,Medieval,Farrowstead,Fallow Home
Medieval_Farrowwyck,Medieval,Farrowwyck,Fallow Hamlet
Medieval_Frosthaven,Medieval,Frosthaven,Frost Refuge
Medieval_Frostmere,Medieval,Frostmere,Frost Lake
Medieval_Froststead,Medieval,Froststead,Frost Home
Medieval_Frostwythe,Medieval,Frostwythe,Frost Willow
Medieval_Gildencroft,Medieval,Gildencroft,Golden Farm
Medieval_Gildenmere,Medieval,Gildenmere,Golden Lake
Medieval_Gildenshire,Medieval,Gildenshire,Golden Region
Medieval_Gildenwythe,Medieval,Gildenwythe,Golden Willow
Medieval_Gleamholt,Medieval,Gleamholt,Shining Wood
Medieval_Gleamstead,Medieval,Gleamstead,Shining Home
Medieval_Gleamwyck,Medieval,Gleamwyck,Shining Hamlet
Medieval_Glimmerford,Medieval,Glimmerford,Shining Ford
Medieval_Hallowcrag,Medieval,Hallowcrag,Sacred Rock
Medieval_Hallowmere,Medieval,Hallowmere,Sacred Lake
Medieval_Hallowwythe,Medieval,Hallowwythe,Sacred Willow
Medieval_Harrowfen,Medieval,Harrowfen,Sacred Marsh
Medieval_Harrowmere,Medieval,Harrowmere,Sacred Lake
Medieval_Harrowstead,Medieval,Harrowstead,Sacred Home
Medieval_Harrowwyck,Medieval,Harrowwyck,Sacred Hamlet
Medieval_Hearthglen,Medieval,Hearthglen,Fireplace Glen
Medieval_Irongleam,Medieval,Irongleam,Iron Shine
Medieval_Ironhaven,Medieval,Ironhaven,Iron Refuge
Medieval_Ironstead,Medieval,Ironstead,Iron Home
Medieval_Ironwythe,Medieval,Ironwythe,Iron Willow
Medieval_Ivycrag,Medieval,Ivycrag,Ivy Rock
Medieval_Ivyholt,Medieval,Ivyholt,Ivy Wood
Medieval_Ivystone,Medieval,Ivystone,Ivy Stone
Medieval_Ivywythe,Medieval,Ivywythe,Ivy Willow
Medieval_Jadecreek,Medieval,Jadecreek,Jade Stream
Medieval_Jadeholt,Medieval,Jadeholt,Jade Wood
Medieval_Jadestead,Medieval,Jadestead,Jade Home
Medieval_Jadewyck,Medieval,Jadewyck,Jade Hamlet
Medieval_Jorndell,Medieval,Jorndell,Earth Dell
Medieval_Jorngrove,Medieval,Jorngrove,Earth Grove
Medieval_Jornwyck,Medieval,Jornwyck,Earth Hamlet
Medieval_Jorvikstead,Medieval,Jorvikstead,Boar Home
Medieval_Kaelmoor,Medieval,Kaelmoor,Cold Moor
Medieval_Kethmoor,Medieval,Kethmoor,None
Medieval_Kethvale,Medieval,Kethvale,None
Medieval_Kethwythe,Medieval,Kethwythe,None
Medieval_Knaveholt,Medieval,Knaveholt,Rogue Wood
Medieval_Knaveshire,Medieval,Knaveshire,Rogue Region
Medieval_Knavestead,Medieval,Knavestead,Rogue Home
Medieval_Knavewyck,Medieval,Knavewyck,Rogue Hamlet
Medieval_Lighthaven,Medieval,Lighthaven,Light Refuge
Medieval_Lorndell,Medieval,Lorndell,Laurel Dell
Medieval_Lorngrove,Medieval,Lorngrove,Laurel Grove
Medieval_Lornstead,Medieval,Lornstead,Laurel Home
Medieval_Lornwythe,Medieval,Lornwythe,Laurel Willow
Medieval_Lumenhaven,Medieval,Lumenhaven,Light Haven
Medieval_Lumenstead,Medieval,Lumenstead,Light Home
Medieval_Lumenwyck,Medieval,Lumenwyck,Light Hamlet
Medieval_Mistcrag,Medieval,Mistcrag,Foggy Rock
Medieval_Mistmere,Medieval,Mistmere,Foggy Lake
Medieval_Mistvale,Medieval,Mistvale,Foggy Valley
Medieval_Mistwythe,Medieval,Mistwythe,Foggy Willow
Medieval_Moonridge,Medieval,Moonridge,Moon Crest
Medieval_Moonstead,Medieval,Moonstead,Moon Home
Medieval_Moonwyck,Medieval,Moonwyck,Moon Hamlet
Medieval_Moonwythe,Medieval,Moonwythe,Moon Willow
Medieval_Nethercrag,Medieval,Nethercrag,Lower Rock
Medieval_Nethermere,Medieval,Nethermere,Lower Lake
Medieval_Nethervale,Medieval,Nethervale,Lower Valley
Medieval_Nethervane,Medieval,Nethervane,Lower Ridge
Medieval_Netherwyck,Medieval,Netherwyck,Lower Hamlet
Medieval_Nornmere,Medieval,Nornmere,Fate Lake
Medieval_Nornstead,Medieval,Nornstead,Fate Home
Medieval_Nornwythe,Medieval,Nornwythe,Fate Willow
Medieval_Oakencliff,Medieval,Oakencliff,Oak Ridge
Medieval_Oakenmere,Medieval,Oakenmere,Oak Lake
Medieval_Oakenshield,Medieval,Oakenshield,Oak Protection
Medieval_Oakenshire,Medieval,Oakenshire,Oak Region
Medieval_Oakenstead,Medieval,Oakenstead,Oak Home
Medieval_Oakenthorpe,Medieval,Oakenthorpe,Oak Village
Medieval_Oakenvale,Medieval,Oakenvale,Oak Valley
Medieval_Oakenwythe,Medieval,Oakenwythe,Oak Willow
Medieval_Paleshire,Medieval,Paleshire,Pale Region
Medieval_Pyrecliff,Medieval,Pyrecliff,Fire Ridge
Medieval_Pyreholt,Medieval,Pyreholt,Fire Wood
Medieval_Pyreshire,Medieval,Pyreshire,Fire Region
Medieval_Pyrestead,Medieval,Pyrestead,Fire Home
Medieval_Pyreton,Medieval,Pyreton,Fire Town
Medieval_Pyrevale,Medieval,Pyrevale,Fire Valley
Medieval_Pyrewyck,Medieval,Pyrewyck,Fire Hamlet
Medieval_Quethmere,Medieval,Quethmere,Quiet Lake
Medieval_Quethvar,Medieval,Quethvar,Quiet Village
Medieval_Quethwythe,Medieval,Quethwythe,Quiet Willow
Medieval_Quillburrow,Medieval,Quillburrow,Feather Hollow
Medieval_Quillmere,Medieval,Quillmere,Feather Lake
Medieval_Quillstead,Medieval,Quillstead,Feather Home
Medieval_Quillvale,Medieval,Quillvale,Feather Valley
Medieval_Quillwythe,Medieval,Quillwythe,Feather Willow
Medieval_Ravenholt,Medieval,Ravenholt,Raven Wood
Medieval_Ravenmere,Medieval,Ravenmere,Raven Lake
Medieval_Ravenstead,Medieval,Ravenstead,Raven Home
Medieval_Ravenwyck,Medieval,Ravenwyck,Raven Hamlet
Medieval_Ravenwythe,Medieval,Ravenwythe,Raven Willow
Medieval_Runecroft,Medieval,Runecroft,Rune Farm
Medieval_Runevale,Medieval,Runevale,Rune Valley
Medieval_Runewyck,Medieval,Runewyck,Rune Hamlet
Medieval_Sablemere,Medieval,Sablemere,Black Lake
Medieval_Sablethorn,Medieval,Sablethorn,Black Thorn
Medieval_Sablewythe,Medieval,Sablewythe,Black Willow
Medieval_Shadestead,Medieval,Shadestead,Shadow Home
Medieval_Shadevale,Medieval,Shadevale,Shadow Valley
Medieval_Shadewyck,Medieval,Shadewyck,Shadow Hamlet
Medieval_Shadewythe,Medieval,Shadewythe,Shadow Willow
Medieval_Shadowfen,Medieval,Shadowfen,Dark Marsh
Medieval_Tarrowfen,Medieval,Tarrowfen,Tar Marsh
Medieval_Tarrowstead,Medieval,Tarrowstead,Tar Home
Medieval_Tarrowwyck,Medieval,Tarrowwyck,Tar Hamlet
Medieval_Thornhollow,Medieval,Thornhollow,Thorn Valley
Medieval_Thornmere,Medieval,Thornmere,Thorn Lake
Medieval_Thornstead,Medieval,Thornstead,Thorn Home
Medieval_Thornwyck,Medieval,Thornwyck,Thorn Hamlet
Medieval_Thornwythe,Medieval,Thornwythe,Thorn Willow
Medieval_Ulfricmere,Medieval,Ulfricmere,Wolf Lake
Medieval_Ulfricstead,Medieval,Ulfricstead,Wolf Home
Medieval_Ulfricwyck,Medieval,Ulfricwyck,Wolf Hamlet
Medieval_Umbercrag,Medieval,Umbercrag,Brown Rock
Medieval_Umberlake,Medieval,Umberlake,Brown Lake
Medieval_Umberstead,Medieval,Umberstead,Brown Home
Medieval_Umberwythe,Medieval,Umberwythe,Brown Willow
Medieval_Vaelstrom,Medieval,Vaelstrom,Blessed Stream
Medieval_Vaethmere,Medieval,Vaethmere,Oath Lake
Medieval_Vaethrond,Medieval,Vaethrond,Oath Circle
Medieval_Vaethwythe,Medieval,Vaethwythe,Oath Willow
Medieval_Vethmere,Medieval,Vethmere,Winter Lake
Medieval_Vethrond,Medieval,Vethrond,Winter Circle
Medieval_Vethwyck,Medieval,Vethwyck,Winter Hamlet
Medieval_Whisperfen,Medieval,Whisperfen,Whispering Marsh
Medieval_Whisperstead,Medieval,Whisperstead,Whispering Home
Medieval_Whisperwold,Medieval,Whisperwold,Whispering Forest
Medieval_Windmere,Medieval,Windmere,Wind Lake
Medieval_Windthorn,Medieval,Windthorn,Wind Thorn
Medieval_Windwhistle,Medieval,Windwhistle,Wind Song
Medieval_Windwyck,Medieval,Windwyck,Wind Hamlet
Medieval_Yewcross,Medieval,Yewcross,Yew Crossing
Medieval_Yewstead,Medieval,Yewstead,Yew Home
Medieval_Yewthorn,Medieval,Yewthorn,Yew Thorn
Medieval_Yewvale,Medieval,Yewvale,Yew Valley
Medieval_Ymberstead,Medieval,Ymberstead,Rain Home
Medieval_Ymberton,Medieval,Ymberton,Rain Town
Medieval_Ymberwythe,Medieval,Ymberwythe,Rain Willow
Norway_l,Norway,Ål,Eel
Norway_lesund,Norway,Ålesund,Eel Sound
Norway_Alta,Norway,Alta,High
Norway_Alvdal,Norway,Alvdal,Elf Valley
Norway_mli,Norway,Åmli,Eel Meadow
Norway_mot,Norway,Åmot,River Mouth
Norway_ndalsnes,Norway,Åndalsnes,Eel Valley Headland
Norway_rdal,Norway,Årdal,Eagle Valley
Norway_seral,Norway,Åseral,Eel Ridge
Norway_Aure,Norway,Aure,Gravel
Norway_Bagn,Norway,Bagn,Bend
Norway_Balestrand,Norway,Balestrand,Bale’s Shore
Norway_Ballangen,Norway,Ballangen,Ball Bay
Norway_Bardu,Norway,Bardu,None
Norway_Beiarn,Norway,Beiarn,Leg River
Norway_Bergen,Norway,Bergen,Mountain
Norway_Bindal,Norway,Bindal,Bin Valley
Norway_Bjerkreim,Norway,Bjerkreim,Birch Stream
Norway_B,Norway,Bø,Farm
Norway_Bod,Norway,Bodø,None
Norway_Bygland,Norway,Bygland,Village Land
Norway_Dalen,Norway,Dalen,The Valley
Norway_Dalsfjord,Norway,Dalsfjord,Valley Fjord
Norway_Dals_yra,Norway,Dalsøyra,Valley Mouth
Norway_Domb_s,Norway,Dombås,Dome Ridge
Norway_Dovre,Norway,Dovre,None
Norway_Drammen,Norway,Drammen,None
Norway_Dr_bak,Norway,Drøbak,Dry Slope
Norway_Dverberg,Norway,Dverberg,Dwarf Mountain
Norway_Dyr_y,Norway,Dyrøy,Deer Island
Norway_Egersund,Norway,Egersund,Eik’s Sound
Norway_Eide,Norway,Eide,Isthmus
Norway_Eidfjord,Norway,Eidfjord,Oath Fjord
Norway_Eidskog,Norway,Eidskog,Oath Forest
Norway_Eidsvoll,Norway,Eidsvoll,Oath Valley
Norway_Elverum,Norway,Elverum,River Realm
Norway_Eresfjord,Norway,Eresfjord,Honor Fjord
Norway_Etne,Norway,Etne,None
Norway_Etnedal,Norway,Etnedal,Etne Valley
Norway_Evje,Norway,Evje,None
Norway_Farsund,Norway,Farsund,Far Sound
Norway_Fauske,Norway,Fauske,None
Norway_Finn_y,Norway,Finnøy,Finn’s Island
Norway_Fitjar,Norway,Fitjar,Meadow Island
Norway_Fjaler,Norway,Fjaler,None
Norway_Fl,Norway,Flå,Flat Land
Norway_Flekkefjord,Norway,Flekkefjord,Speckled Fjord
Norway_F_rde,Norway,Førde,Fjord
Norway_Froland,Norway,Froland,Fro’s Land
Norway_Fyresdal,Norway,Fyresdal,Fire Valley
Norway_Gaular,Norway,Gaular,None
Norway_Gausdal,Norway,Gausdal,Gaus Valley
Norway_Geilo,Norway,Geilo,None
Norway_Gjemnes,Norway,Gjemnes,Hidden Headland
Norway_Gjerstad,Norway,Gjerstad,Spear Place
Norway_Gjesdal,Norway,Gjesdal,Guest Valley
Norway_Gj_vik,Norway,Gjøvik,Gjø’s Bay
Norway_Gloppen,Norway,Gloppen,Narrow Opening
Norway_Granvin,Norway,Granvin,Spruce Bay
Norway_Grimstad,Norway,Grimstad,Grim’s Place
Norway_Hamar,Norway,Hamar,None
Norway_Hardanger,Norway,Hardanger,Hard Land
Norway_Harstad,Norway,Harstad,Har’s Place
Norway_Hattfjelldal,Norway,Hattfjelldal,Hat Mountain Valley
Norway_Hemnes,Norway,Hemnes,Home Headland
Norway_Hemsedal,Norway,Hemsedal,Hem’s Valley
Norway_Hjelmeland,Norway,Hjelmeland,Helmet Land
Norway_Hj_rundfjord,Norway,Hjørundfjord,Corner Fjord
Norway_Hol,Norway,Hol,Hollow
Norway_H_nefoss,Norway,Hønefoss,Hen Falls
Norway_Hornindal,Norway,Hornindal,Horn Valley
Norway_H_yanger,Norway,Høyanger,High Bay
Norway_Inder_y,Norway,Inderøy,Inner Island
Norway_Iveland,Norway,Iveland,Yew Land
Norway_J_ren,Norway,Jæren,Edge Land
Norway_Jessheim,Norway,Jessheim,Yes Home
Norway_J_lster,Norway,Jølster,None
Norway_Jondal,Norway,Jondal,Jon Valley
Norway_Jostedal,Norway,Jostedal,Jost Valley
Norway_K_fjord,Norway,Kåfjord,Cave Fjord
Norway_Karm_y,Norway,Karmøy,Shelter Island
Norway_Kirkenes,Norway,Kirkenes,Church Headland
Norway_Klepp,Norway,Klepp,Cliff
Norway_Kongsberg,Norway,Kongsberg,King’s Mountain
Norway_Koppang,Norway,Koppang,Cup Ridge
Norway_Krager,Norway,Kragerø,Crow Island
Norway_Kvam,Norway,Kvam,Hollow
Norway_Kvikne,Norway,Kvikne,Quick
Norway_Kviteseid,Norway,Kviteseid,White Isthmus
Norway_L_rdal,Norway,Lærdal,Learning Valley
Norway_Levanger,Norway,Levanger,Clay Bay
Norway_Lier,Norway,Lier,Slope
Norway_Lillehammer,Norway,Lillehammer,Little Hammer
Norway_Lillesand,Norway,Lillesand,Little Sand
Norway_Lindesnes,Norway,Lindesnes,Linden Headland
Norway_Lofoten,Norway,Lofoten,Lynx Foot
Norway_Lom,Norway,Lom,Loam
Norway_Lur_y,Norway,Lurøy,Lure Island
Norway_Lyngdal,Norway,Lyngdal,Heather Valley
Norway_M_lselv,Norway,Målselv,Goal River
Norway_Mandal,Norway,Mandal,Almond Valley
Norway_Melbu,Norway,Melbu,Meal Bay
Norway_Mel_y,Norway,Meløy,Meal Island
Norway_Mer_ker,Norway,Meråker,Mare Ridge
Norway_Midsund,Norway,Midsund,Middle Sound
Norway_Modalen,Norway,Modalen,Mo Valley
Norway_Molde,Norway,Molde,None
Norway_M_re,Norway,Møre,Moor
Norway_Mosj_en,Norway,Mosjøen,Moss Lake
Norway_N_r_y,Norway,Nærøy,Near Island
Norway_Namdalseid,Norway,Namdalseid,Nam Valley Isthmus
Norway_Namsos,Norway,Namsos,Nam’s Mouth
Norway_Narvik,Norway,Narvik,Narrow Bay
Norway_Nesna,Norway,Nesna,Headland
Norway_Nissedal,Norway,Nissedal,Nisse Valley
Norway_Norddal,Norway,Norddal,North Valley
Norway_Nordfjord,Norway,Nordfjord,North Fjord
Norway_Nordkapp,Norway,Nordkapp,North Cape
Norway_Notodden,Norway,Notodden,Nut Headland
Norway_Odda,Norway,Odda,None
Norway_Oppdal,Norway,Oppdal,Upper Valley
Norway_Oppstryn,Norway,Oppstryn,Upper Stryn
Norway_Orkanger,Norway,Orkanger,Ork Bay
Norway_Orkdal,Norway,Orkdal,Ork Valley
Norway_Os,Norway,Os,River Mouth
Norway_Osen,Norway,Osen,Mouth
Norway_Os_yro,Norway,Osøyro,River Mouth Island
Norway_Otta,Norway,Otta,None
Norway_Porsgrunn,Norway,Porsgrunn,Pors’ Hill
Norway_Rana,Norway,Rana,Edge
Norway_Rauland,Norway,Rauland,Red Land
Norway_Rendalen,Norway,Rendalen,Reindeer Valley
Norway_Rindal,Norway,Rindal,Rin Valley
Norway_Ringebu,Norway,Ringebu,Ring Farm
Norway_Rjukan,Norway,Rjukan,Roaring Water
Norway_R_ldal,Norway,Røldal,Red Valley
Norway_Rollag,Norway,Rollag,Red Slope
Norway_R_ros,Norway,Røros,None
Norway_R_st,Norway,Røst,None
Norway_Saltdal,Norway,Saltdal,Salt Valley
Norway_Samnanger,Norway,Samnanger,Same Bay
Norway_Sande,Norway,Sande,Sand
Norway_Sandefjord,Norway,Sandefjord,Sandy Fjord
Norway_Sandnes,Norway,Sandnes,Sandy Headland
Norway_Sand_y,Norway,Sandøy,Sandy Island
Norway_Sauda,Norway,Sauda,Sheep
Norway_Selje,Norway,Selje,Willow
Norway_Sirdal,Norway,Sirdal,Sir Valley
Norway_Skaun,Norway,Skaun,None
Norway_Skien,Norway,Skien,None
Norway_Skjerv_y,Norway,Skjervøy,Rock Island
Norway_Skodje,Norway,Skodje,None
Norway_Sn_sa,Norway,Snåsa,None
Norway_Sogn,Norway,Sogn,Sound
Norway_Sogndal,Norway,Sogndal,Sogn Valley
Norway_S_rfold,Norway,Sørfold,South Fold
Norway_Stavanger,Norway,Stavanger,Staff Bay
Norway_Steinkjer,Norway,Steinkjer,Stone Church
Norway_Stj_rdal,Norway,Stjørdal,Stjord Valley
Norway_Stord,Norway,Stord,Large
Norway_Stranda,Norway,Stranda,Shore
Norway_Stryn,Norway,Stryn,Stream
Norway_Sunndal,Norway,Sunndal,Sunny Valley
Norway_Svolv_r,Norway,Svolvær,Cool Bay
Norway_Tingvoll,Norway,Tingvoll,Assembly Plain
Norway_Tjeldsund,Norway,Tjeldsund,Shield Sound
Norway_Tolga,Norway,Tolga,None
Norway_T_nsberg,Norway,Tønsberg,Tønn’s Mountain
Norway_Troms,Norway,Tromsø,None
Norway_Trysil,Norway,Trysil,None
Norway_Tvedestrand,Norway,Tvedestrand,Twin Shore
Norway_Tynset,Norway,Tynset,Thin Settlement
Norway_Tysnes,Norway,Tysnes,Thin Headland
Norway_Tysv_r,Norway,Tysvær,Thin Bay
Norway_Ulsteinvik,Norway,Ulsteinvik,Ulstein’s Bay
Norway_Vads,Norway,Vadsø,None
Norway_V_g,Norway,Vågå,None
Norway_V_g_y,Norway,Vågøy,Bay Island
Norway_Vang,Norway,Vang,Meadow
Norway_Vard,Norway,Vardø,Guard Island
Norway_Vefsn,Norway,Vefsn,None
Norway_Vennesla,Norway,Vennesla,Friend’s Meadow
Norway_Vikedal,Norway,Vikedal,Bay Valley
Norway_Vinje,Norway,Vinje,Meadow
Norway_Voss,Norway,Voss,Waterfall
Russia_Alatyr,Russia,Alatyr,None
Russia_Alexeyevka,Russia,Alexeyevka,Alexey’s Place
Russia_Ardatov,Russia,Ardatov,None
Russia_Arzamas,Russia,Arzamas,None
Russia_Baksan,Russia,Baksan,None
Russia_Balakhna,Russia,Balakhna,None
Russia_Belev,Russia,Belev,None
Russia_Belozersk,Russia,Belozersk,White Lake
Russia_Bely,Russia,Bely,White
Russia_Belyov,Russia,Belyov,None
Russia_Berezov,Russia,Berezov,Birch Place
Russia_Bezhetsk,Russia,Bezhetsk,None
Russia_Bobrov,Russia,Bobrov,Beaver
Russia_Bogolyubovo,Russia,Bogolyubovo,God-Loving
Russia_Bogorodsk,Russia,Bogorodsk,God’s Town
Russia_Boguchar,Russia,Boguchar,God’s Gift
Russia_Bolshevo,Russia,Bolshevo,Big Place
Russia_Borovichi,Russia,Borovichi,Pine Place
Russia_Chekalin,Russia,Chekalin,None
Russia_Cherdyn,Russia,Cherdyn,None
Russia_Cherepovets,Russia,Cherepovets,Skull Place
Russia_Chern,Russia,Chern,Black
Russia_Chernushka,Russia,Chernushka,Little Black
Russia_Chudovo,Russia,Chudovo,Wonder
Russia_Dankov,Russia,Dankov,None
Russia_Dedovichi,Russia,Dedovichi,Grandfather’s Place
Russia_Degtyarsk,Russia,Degtyarsk,Tar Place
Russia_Demyansk,Russia,Demyansk,None
Russia_Dmitriev,Russia,Dmitriev,Belonging to Dmitry
Russia_Dorogobuzh,Russia,Dorogobuzh,Dear Hill
Russia_Galich,Russia,Galich,None
Russia_Gavrilov,Russia,Gavrilov,Gabriel’s Place
Russia_Gdov,Russia,Gdov,None
Russia_Glazov,Russia,Glazov,Eye
Russia_Gornozavodsk,Russia,Gornozavodsk,Mountain Factory
Russia_Gorodets,Russia,Gorodets,Little Town
Russia_Gorokhovets,Russia,Gorokhovets,Pea Place
Russia_Gremyach,Russia,Gremyach,Thunderous
Russia_Gryazovets,Russia,Gryazovets,Mud Place
Russia_Gus_Khrustalny,Russia,Gus-Khrustalny,Crystal Goose
Russia_Gzhatsk,Russia,Gzhatsk,None
Russia_Iletsk,Russia,Iletsk,None
Russia_Ilmen,Russia,Ilmen,None
Russia_Izborsk,Russia,Izborsk,None
Russia_Kadnikov,Russia,Kadnikov,None
Russia_Kadom,Russia,Kadom,None
Russia_Kalyazin,Russia,Kalyazin,None
Russia_Kamenka,Russia,Kamenka,Stone Place
Russia_Kamyshin,Russia,Kamyshin,Reed Place
Russia_Kargopol,Russia,Kargopol,None
Russia_Karymsk,Russia,Karymsk,None
Russia_Kashin,Russia,Kashin,None
Russia_Kasimov,Russia,Kasimov,None
Russia_Kasli,Russia,Kasli,None
Russia_Kem,Russia,Kem,None
Russia_Kharovsk,Russia,Kharovsk,None
Russia_Kholm,Russia,Kholm,Hill
Russia_Kholmogory,Russia,Kholmogory,Hill Mountains
Russia_Khotkovo,Russia,Khotkovo,None
Russia_Khvalynsk,Russia,Khvalynsk,Praise Place
Russia_Kimry,Russia,Kimry,None
Russia_Kinel,Russia,Kinel,None
Russia_Kineshma,Russia,Kineshma,None
Russia_Kirillov,Russia,Kirillov,None
Russia_Kirishi,Russia,Kirishi,None
Russia_Kirsanov,Russia,Kirsanov,None
Russia_Klintsy,Russia,Klintsy,None
Russia_Knyaginino,Russia,Knyaginino,Princess Place
Russia_Kola,Russia,Kola,None
Russia_Kolomna,Russia,Kolomna,None
Russia_Konakovo,Russia,Konakovo,None
Russia_Kostroma,Russia,Kostroma,None
Russia_Kotelnich,Russia,Kotelnich,Cauldron Place
Russia_Kotelnikovo,Russia,Kotelnikovo,Cauldron Place
Russia_Kozelsk,Russia,Kozelsk,Goat Place
Russia_Kozlov,Russia,Kozlov,Goat Place
Russia_Krasavino,Russia,Krasavino,Beautiful Place
Russia_Krasnoufimsk,Russia,Krasnoufimsk,Red Ufimsk
Russia_Krasnoye,Russia,Krasnoye,Red
Russia_Krasny_Kholm,Russia,Krasny Kholm,Red Hill
Russia_Kuvshinovo,Russia,Kuvshinovo,Jug Place
Russia_Lalsk,Russia,Lalsk,None
Russia_Lgov,Russia,Lgov,None
Russia_Livenka,Russia,Livenka,None
Russia_Luga,Russia,Luga,Meadow
Russia_Lukoyanov,Russia,Lukoyanov,None
Russia_Lyskovo,Russia,Lyskovo,None
Russia_Makaryev,Russia,Makaryev,None
Russia_Maloyaroslavets,Russia,Maloyaroslavets,Little Yaroslav’s Place
Russia_Mamonovo,Russia,Mamonovo,None
Russia_Mariinsk,Russia,Mariinsk,None
Russia_Medvedevo,Russia,Medvedevo,Bear Place
Russia_Medvezhyegorsk,Russia,Medvezhyegorsk,Bear Mountain
Russia_Medyn,Russia,Medyn,None
Russia_Melenki,Russia,Melenki,Mills
Russia_Meshchovsk,Russia,Meshchovsk,None
Russia_Mikhaylov,Russia,Mikhaylov,Michael’s Place
Russia_Mikun,Russia,Mikun,None
Russia_Morshansk,Russia,Morshansk,None
Russia_Mozhaysk,Russia,Mozhaysk,None
Russia_Myshkin,Russia,Myshkin,Mouse Place
Russia_Narovchat,Russia,Narovchat,None
Russia_Nelidovo,Russia,Nelidovo,None
Russia_Nerekhta,Russia,Nerekhta,None
Russia_Nikolsk,Russia,Nikolsk,Nicholas’s Place
Russia_Nolinsk,Russia,Nolinsk,None
Russia_Novosil,Russia,Novosil,New Village
Russia_Olonets,Russia,Olonets,None
Russia_Opochka,Russia,Opochka,None
Russia_Osa,Russia,Osa,None
Russia_Ostashkov,Russia,Ostashkov,None
Russia_Ostrogozhsk,Russia,Ostrogozhsk,Sharp Hill
Russia_Ostrov,Russia,Ostrov,Island
Russia_Otradny,Russia,Otradny,Joyful
Russia_Pavlovo,Russia,Pavlovo,Paul’s Place
Russia_Pechory,Russia,Pechory,Caves
Russia_Penza,Russia,Penza,None
Russia_Pereslavl,Russia,Pereslavl,Glory Passed
Russia_Pestyaki,Russia,Pestyaki,None
Russia_Pestyakov,Russia,Pestyakov,None
Russia_Ples,Russia,Ples,None
Russia_Pochep,Russia,Pochep,None
Russia_Porkhov,Russia,Porkhov,None
Russia_Pskov,Russia,Pskov,None
Russia_Rasskazovo,Russia,Rasskazovo,Tale Place
Russia_Roslavl,Russia,Roslavl,Glory of Ros
Russia_Rostov,Russia,Rostov,Growth
Russia_Rtishchevo,Russia,Rtishchevo,None
Russia_Ruza,Russia,Ruza,None
Russia_Rybinsk,Russia,Rybinsk,Fish Place
Russia_Rzhev,Russia,Rzhev,None
Russia_Safonovo,Russia,Safonovo,None
Russia_Sebezh,Russia,Sebezh,None
Russia_Serdobsk,Russia,Serdobsk,None
Russia_Sergach,Russia,Sergach,None
Russia_Shadrinsk,Russia,Shadrinsk,None
Russia_Shatsk,Russia,Shatsk,None
Russia_Shenkursk,Russia,Shenkursk,None
Russia_Shumerlya,Russia,Shumerlya,None
Russia_Shumyachi,Russia,Shumyachi,Noisy Place
Russia_Shuya,Russia,Shuya,None
Russia_Skopin,Russia,Skopin,None
Russia_Slobodskoy,Russia,Slobodskoy,Free Place
Russia_Soligalich,Russia,Soligalich,Salt Galich
Russia_Solvychegodsk,Russia,Solvychegodsk,Salt on Vychegda
Russia_Sosva,Russia,Sosva,None
Russia_Spas_Klepiki,Russia,Spas-Klepiki,Savior Keys
Russia_Spassk,Russia,Spassk,Savior
Russia_Staritsa,Russia,Staritsa,Old Woman
Russia_Starodub,Russia,Starodub,Old Oak
Russia_Sudislavl,Russia,Sudislavl,Judge’s Glory
Russia_Sudogda,Russia,Sudogda,None
Russia_Surok,Russia,Surok,Marmot
Russia_Suzdal,Russia,Suzdal,None
Russia_Tarusa,Russia,Tarusa,None
Russia_Temnikov,Russia,Temnikov,None
Russia_Terek,Russia,Terek,None
Russia_Tetyushi,Russia,Tetyushi,None
Russia_Toropets,Russia,Toropets,Hurry Place
Russia_Torzhok,Russia,Torzhok,Market
Russia_Totma,Russia,Totma,None
Russia_Udomlya,Russia,Udomlya,None
Russia_Uglich,Russia,Uglich,None
Russia_Uryupinsk,Russia,Uryupinsk,None
Russia_Usman,Russia,Usman,None
Russia_Usolye,Russia,Usolye,Salt Place
Russia_Ustyuzhna,Russia,Ustyuzhna,Mouth of Yuzhna
Russia_Valdai,Russia,Valdai,None
Russia_Vashki,Russia,Vashki,None
Russia_Velikiye_Luki,Russia,Velikiye Luki,Great Bows
Russia_Velizh,Russia,Velizh,None
Russia_Velsk,Russia,Velsk,None
Russia_Vetluga,Russia,Vetluga,None
Russia_Vichuga,Russia,Vichuga,None
Russia_Volkhov,Russia,Volkhov,None
Russia_Vologda,Russia,Vologda,None
Russia_Volosovo,Russia,Volosovo,Hair Place
Russia_Vyazma,Russia,Vyazma,None
Russia_Vyksa,Russia,Vyksa,None
Russia_Vytegra,Russia,Vytegra,None
Russia_Yadrin,Russia,Yadrin,None
Russia_Yefremov,Russia,Yefremov,None
Russia_Yelatma,Russia,Yelatma,None
Russia_Yelnya,Russia,Yelnya,None
Russia_Yuryevets,Russia,Yuryevets,George’s Place
Russia_Zaraysk,Russia,Zaraysk,Beyond the River
Russia_Zarechny,Russia,Zarechny,Beyond the River
Russia_Zmeinogorsk,Russia,Zmeinogorsk,Snake Mountain
Russia_Zvenigorod,Russia,Zvenigorod,Ringing Town
Spain_Albacete,Spain,Albacete,The Plain (Arabic: Al-Basit)
Spain_Alcal,Spain,Alcalá,The Castle (Arabic: Al-Qal’a)
Spain_Alca_iz,Spain,Alcañiz,None
Spain_Algeciras,Spain,Algeciras,The Island (Arabic: Al-Jazira)
Spain_Algemes,Spain,Algemesí,None
Spain_Almendralejo,Spain,Almendralejo,Almond Field
Spain_Almer_a,Spain,Almería,The Watchtower (Arabic: Al-Miraya)
Spain_Almunia,Spain,Almunia,The Garden (Arabic: Al-Munya)
Spain_vila,Spain,Ávila,None
Spain_Badajoz,Spain,Badajoz,None
Spain_Baeza,Spain,Baeza,None
Spain_Barbastro,Spain,Barbastro,None
Spain_Baza,Spain,Baza,None
Spain_Benavente,Spain,Benavente,Good Wind
Spain_Bermeo,Spain,Bermeo,None
Spain_Betanzos,Spain,Betanzos,None
Spain_Brihuega,Spain,Brihuega,None
Spain_Burgohondo,Spain,Burgohondo,Deep Borough
Spain_C_ceres,Spain,Cáceres,None
Spain_Calahorra,Spain,Calahorra,Castle of the Rock
Spain_Calatayud,Spain,Calatayud,Castle of Ayyub (Arabic)
Spain_Cangas,Spain,Cangas,Valley
Spain_Carmona,Spain,Carmona,None
Spain_Caspe,Spain,Caspe,None
Spain_Castellar,Spain,Castellar,Castle Hill
Spain_Castrillo,Spain,Castrillo,Little Castle
Spain_Cazorla,Spain,Cazorla,None
Spain_Cervera,Spain,Cervera,Stag
Spain_Cheste,Spain,Cheste,None
Spain_Chinch_n,Spain,Chinchón,None
Spain_Cieza,Spain,Cieza,None
Spain_C_rdoba,Spain,Córdoba,None
Spain_Coria,Spain,Coria,None
Spain_Cuenca,Spain,Cuenca,Basin
Spain_Daroca,Spain,Daroca,None
Spain_Denia,Spain,Denia,None
Spain_cija,Spain,Écija,None
Spain_Eibar,Spain,Eibar,New Mill (Basque: Ei + Barri)
Spain_Ejea,Spain,Ejea,None
Spain_El_Burgo,Spain,El Burgo,The Borough
Spain_El_Escorial,Spain,El Escorial,The Quarry
Spain_Elche,Spain,Elche,None
Spain_Elgoibar,Spain,Elgoibar,Elm Valley (Basque: Elgo + Ibar)
Spain_Elorrio,Spain,Elorrio,Red Place (Basque: Elor + -io)
Spain_Estella,Spain,Estella,Star
Spain_Figueres,Spain,Figueres,Fig Trees
Spain_Fraga,Spain,Fraga,None
Spain_Fregenal,Spain,Fregenal,None
Spain_Frigiliana,Spain,Frigiliana,None
Spain_Fuengirola,Spain,Fuengirola,Fountain of Girola
Spain_Fuenmayor,Spain,Fuenmayor,Greater Fountain
Spain_Fuenterrab,Spain,Fuenterrabí,Fountain of the Rabbi
Spain_Fuentesauco,Spain,Fuentesauco,Willow Fountain
Spain_Fuentidue_a,Spain,Fuentidueña,Fountain of the Lady
Spain_G_dor,Spain,Gádor,None
Spain_Gernika,Spain,Gernika,None
Spain_Gij_n,Spain,Gijón,None
Spain_Girona,Spain,Girona,None
Spain_Grazalema,Spain,Grazalema,None
Spain_Guadalajara,Spain,Guadalajara,River of Stones (Arabic: Wadi al-Hijara)
Spain_Guadix,Spain,Guadix,River of Life (Arabic: Wadi Ashi)
Spain_Guernica,Spain,Guernica,None
Spain_Guetaria,Spain,Guetaria,Watchtower (Basque: Geta)
Spain_Haro,Spain,Haro,None
Spain_Herv_s,Spain,Hervás,None
Spain_Hita,Spain,Hita,None
Spain_Hoyos,Spain,Hoyos,Holes
Spain_Huelva,Spain,Huelva,None
Spain_Huercal,Spain,Huercal,None
Spain_Huesca,Spain,Huesca,None
Spain_Hu_scar,Spain,Huéscar,None
Spain_Huete,Spain,Huete,None
Spain_Igualada,Spain,Igualada,Equal
Spain_Illescas,Spain,Illescas,None
Spain_Iniesta,Spain,Iniesta,None
Spain_Iscar,Spain,Iscar,None
Spain_Izn_jar,Spain,Iznájar,None
Spain_Iznalloz,Spain,Iznalloz,None
Spain_Jaca,Spain,Jaca,None
Spain_Ja_n,Spain,Jaén,None
Spain_Jarandilla,Spain,Jarandilla,Little Garden
Spain_J_tiva,Spain,Játiva,None
Spain_Jerez,Spain,Jerez,None
Spain_Laguardia,Spain,Laguardia,The Guard
Spain_Laredo,Spain,Laredo,None
Spain_Lekeitio,Spain,Lekeitio,None
Spain_L_rida,Spain,Lérida,None
Spain_Lerma,Spain,Lerma,None
Spain_Lillo,Spain,Lillo,None
Spain_Llodio,Spain,Llodio,Mud (Basque: Loi)
Spain_Loja,Spain,Loja,None
Spain_Lorca,Spain,Lorca,None
Spain_M_laga,Spain,Málaga,None
Spain_Manresa,Spain,Manresa,None
Spain_Medina,Spain,Medina,City (Arabic: Madina)
Spain_M_rida,Spain,Mérida,None
Spain_Mijas,Spain,Mijas,None
Spain_Mondo_edo,Spain,Mondoñedo,None
Spain_Montblanc,Spain,Montblanc,White Mountain
Spain_Montoro,Spain,Montoro,High Mountain
Spain_Monz_n,Spain,Monzón,None
Spain_N_jera,Spain,Nájera,None
Spain_Oca_a,Spain,Ocaña,None
Spain_Olite,Spain,Olite,None
Spain_Olivenza,Spain,Olivenza,None
Spain_O_ati,Spain,Oñati,None
Spain_Orbaneja,Spain,Orbaneja,None
Spain_Orgaz,Spain,Orgaz,None
Spain_Oropesa,Spain,Oropesa,Gold Weight
Spain_Osuna,Spain,Osuna,None
Spain_Oviedo,Spain,Oviedo,None
Spain_Padr_n,Spain,Padrón,Stone
Spain_Palencia,Spain,Palencia,None
Spain_Pedraza,Spain,Pedraza,Rocky Place
Spain_Pe_afiel,Spain,Peñafiel,Rock Fortress
Spain_Plasencia,Spain,Plasencia,Place of Pleasure
Spain_Pobra,Spain,Pobra,Village
Spain_Potes,Spain,Potes,None
Spain_Priego,Spain,Priego,None
Spain_Puentedeume,Spain,Puentedeume,Bridge of Eume
Spain_Reinosa,Spain,Reinosa,Queen’s Place
Spain_Requena,Spain,Requena,None
Spain_Ria_o,Spain,Riaño,None
Spain_Rianxo,Spain,Rianxo,None
Spain_Ribadeo,Spain,Ribadeo,Riverbank
Spain_Ribaforada,Spain,Ribaforada,Riverbank Ford
Spain_Ronda,Spain,Ronda,Surrounded
Spain_Rota,Spain,Rota,None
Spain_Sabi_nigo,Spain,Sabiñánigo,None
Spain_Sagunto,Spain,Sagunto,None
Spain_Salamanca,Spain,Salamanca,None
Spain_Saldana,Spain,Saldana,None
Spain_Sanl_car,Spain,Sanlúcar,Saint Luke
Spain_Santillana,Spain,Santillana,Little Saint
Spain_Segovia,Spain,Segovia,None
Spain_Sep_lveda,Spain,Sepúlveda,Burial Place
Spain_Soria,Spain,Soria,None
Spain_Tafalla,Spain,Tafalla,None
Spain_Talavera,Spain,Talavera,None
Spain_Tarragona,Spain,Tarragona,None
Spain_Teruel,Spain,Teruel,None
Spain_Tineo,Spain,Tineo,None
Spain_Toledo,Spain,Toledo,None
Spain_Tordesillas,Spain,Tordesillas,Tower of Sillas
Spain_Torrelavega,Spain,Torrelavega,Tower of the Plain
Spain_Trujillo,Spain,Trujillo,None
Spain_Tudela,Spain,Tudela,None
Spain_beda,Spain,Úbeda,None
Spain_Ucl_s,Spain,Uclés,None
Spain_Utrera,Spain,Utrera,None
Spain_Valdemoro,Spain,Valdemoro,Valley of the Moor
Spain_Valdepe_as,Spain,Valdepeñas,Valley of Rocks
Spain_Valencia,Spain,Valencia,Strength
Spain_Valga,Spain,Valga,None
Spain_Valverde,Spain,Valverde,Green Valley
Spain_Vejer,Spain,Vejer,None
Spain_Villalba,Spain,Villalba,White Village
Spain_Villamayor,Spain,Villamayor,Greater Village
Spain_Villarcayo,Spain,Villarcayo,Village of the Ravine
Spain_Villaviciosa,Spain,Villaviciosa,Fertile Village
Spain_Villena,Spain,Villena,None
Spain_Vitoria,Spain,Vitoria,Victory
Spain_Viveiro,Spain,Viveiro,None
Spain_Zafra,Spain,Zafra,None
Spain_Zamora,Spain,Zamora,None
Spain_Zorita,Spain,Zorita,None
Spain_Zorraqu_n,Spain,Zorraquín,None
Spain_Zuera,Spain,Zuera,None
Spain_Zufre,Spain,Zufre,None
Spain_Zuheros,Spain,Zuheros,None
Spain_Zumaia,Spain,Zumaia,None
Spain_Z_iga,Spain,Zúñiga,None
Turkey_Adapazar,Turkey,Adapazar,Island Market
Turkey_Afium,Turkey,Afium,Opium
Turkey_Akchaabat,Turkey,Akchaabat,White Stream
Turkey_Akdag,Turkey,Akdag,White Mountain
Turkey_Akhisar,Turkey,Akhisar,White Castle
Turkey_Akhisar_2,Turkey,Akhisar,White Castle
Turkey_Akseki,Turkey,Akseki,White Stone
Turkey_Akshehr,Turkey,Akshehr,White City
Turkey_Aktepe,Turkey,Aktepe,White Hill
Turkey_Aladja,Turkey,Aladja,None
Turkey_Alaiye,Turkey,Alaiye,None
Turkey_Alapli,Turkey,Alapli,None
Turkey_Amasia,Turkey,Amasia,None
Turkey_Artvin,Turkey,Artvin,None
Turkey_Ayaslug,Turkey,Ayaslug,None
Turkey_Ayvalik,Turkey,Ayvalik,Quince
Turkey_Balikesir,Turkey,Balikesir,Fish City
Turkey_Banderma,Turkey,Banderma,None
Turkey_Bayburt,Turkey,Bayburt,None
Turkey_Bergama,Turkey,Bergama,None
Turkey_Beypazar,Turkey,Beypazar,Lord’s Market
Turkey_Beyshehr,Turkey,Beyshehr,Lord’s Lake
Turkey_Biga,Turkey,Biga,None
Turkey_Bilejik,Turkey,Bilejik,None
Turkey_Birejik,Turkey,Birejik,None
Turkey_Bismil,Turkey,Bismil,None
Turkey_Bitlis,Turkey,Bitlis,None
Turkey_Bodrum,Turkey,Bodrum,None
Turkey_Bolu,Turkey,Bolu,None
Turkey_Bozuyuk,Turkey,Bozuyuk,Grey Height
Turkey_Brusa,Turkey,Brusa,None
Turkey_Bulanik,Turkey,Bulanik,Muddy
Turkey_Burdur,Turkey,Burdur,None
Turkey_Cameli,Turkey,Cameli,None
Turkey_Canakkale,Turkey,Canakkale,Pottery Fortress
Turkey_Cankaya,Turkey,Cankaya,None
Turkey_Catalca,Turkey,Catalca,Fork Village
Turkey_Cay,Turkey,Cay,Tea
Turkey_Chanak,Turkey,Chanak,None
Turkey_Chankiri,Turkey,Chankiri,None
Turkey_Charshembeh,Turkey,Charshembeh,Wednesday
Turkey_Cheshm,Turkey,Cheshmé,Fountain
Turkey_Chivril,Turkey,Chivril,None
Turkey_Chorum,Turkey,Chorum,None
Turkey_Cubuk,Turkey,Cubuk,Rod
Turkey_Demirci,Turkey,Demirci,Blacksmith
Turkey_Demirji,Turkey,Demirji,Iron Village
Turkey_Denizli,Turkey,Denizli,By the Sea
Turkey_Develi,Turkey,Develi,None
Turkey_Diarbekir,Turkey,Diarbekir,None
Turkey_Dinar,Turkey,Dinar,None
Turkey_Divrigi,Turkey,Divrigi,None
Turkey_Djevizlik,Turkey,Djevizlik,Walnut Place
Turkey_Duzje,Turkey,Duzje,None
Turkey_Egirdir,Turkey,Egirdir,None
Turkey_Elmali,Turkey,Elmali,Apple
Turkey_Emirda,Turkey,Emirdağ,Emir’s Mountain
Turkey_Eregli,Turkey,Eregli,None
Turkey_Ergani,Turkey,Ergani,None
Turkey_Ermenek,Turkey,Ermenek,None
Turkey_Erzeroum,Turkey,Erzeroum,None
Turkey_Eski_Shehr,Turkey,Eski-Shehr,Old City
Turkey_Espiye,Turkey,Espiye,None
Turkey_Fatsa,Turkey,Fatsa,None
Turkey_Fethiye,Turkey,Fethiye,Conquest
Turkey_Gelibolu,Turkey,Gelibolu,None
Turkey_Gemerek,Turkey,Gemerek,None
Turkey_Gerede,Turkey,Gerede,None
Turkey_Geyve,Turkey,Geyve,None
Turkey_Giresoun,Turkey,Giresoun,None
Turkey_Giurgiu,Turkey,Giurgiu,None
Turkey_Gokceada,Turkey,Gokceada,Sky Island
Turkey_Goksun,Turkey,Goksun,None
Turkey_Gonen,Turkey,Gonen,None
Turkey_Ihsaniye,Turkey,Ihsaniye,None
Turkey_Ilgin,Turkey,Ilgin,None
Turkey_Ine,Turkey,Ine,None
Turkey_Inebolu,Turkey,Inebolu,None
Turkey_Ipsala,Turkey,Ipsala,None
Turkey_Iskilip,Turkey,Iskilip,None
Turkey_Ismid,Turkey,Ismid,None
Turkey_Isparta,Turkey,Isparta,None
Turkey_Iznik,Turkey,Iznik,None
Turkey_Kaisarie,Turkey,Kaisarie,None
Turkey_Kangal,Turkey,Kangal,None
Turkey_Karacabey,Turkey,Karacabey,Black Shepherd
Turkey_Karahalli,Turkey,Karahalli,Black Hamlet
Turkey_Karahissar,Turkey,Karahissar,Black Fortress
Turkey_Karakoy,Turkey,Karakoy,Black Village
Turkey_Karaman,Turkey,Karaman,None
Turkey_Karamursal,Turkey,Karamursal,Black Mulberry
Turkey_Karasu,Turkey,Karasu,Black Water
Turkey_Kars,Turkey,Kars,None
Turkey_Kastamuni,Turkey,Kastamuni,None
Turkey_Kemah,Turkey,Kemah,None
Turkey_Kemer,Turkey,Kemer,Arch
Turkey_Kerasund,Turkey,Kerasund,Cherry
Turkey_Ke_an,Turkey,Keşan,None
Turkey_Kesap,Turkey,Kesap,None
Turkey_Keskin,Turkey,Keskin,Sharp
Turkey_Kirikhan,Turkey,Kirikhan,Broken Inn
Turkey_Kirikkale,Turkey,Kirikkale,Broken Fortress
Turkey_Kirsehir,Turkey,Kirsehir,Steppe City
Turkey_Konia,Turkey,Konia,None
Turkey_Korgan,Turkey,Korgan,None
Turkey_Korkuteli,Turkey,Korkuteli,None
Turkey_Koycegiz,Turkey,Koycegiz,None
Turkey_Kula,Turkey,Kula,None
Turkey_Kutahia,Turkey,Kutahia,None
Turkey_Malatia,Turkey,Malatia,None
Turkey_Manisa,Turkey,Manisa,None
Turkey_Marash,Turkey,Marash,None
Turkey_Menemen,Turkey,Menemen,None
Turkey_Menteshe,Turkey,Menteshe,None
Turkey_Mersina,Turkey,Mersina,None
Turkey_Midyat,Turkey,Midyat,None
Turkey_Milas,Turkey,Milas,None
Turkey_Moudania,Turkey,Moudania,None
Turkey_Mudurnu,Turkey,Mudurnu,None
Turkey_Mugla,Turkey,Mugla,None
Turkey_Mustafakemalpasha,Turkey,Mustafakemalpasha,Mustafa Kemal’s Place
Turkey_Mut,Turkey,Mut,None
Turkey_Nallihan,Turkey,Nallihan,None
Turkey_Nazilli,Turkey,Nazilli,None
Turkey_Nazli,Turkey,Nazli,None
Turkey_Nev_Shehr,Turkey,Nev-Shehr,New City
Turkey_Nigde,Turkey,Nigde,None
Turkey_Odemish,Turkey,Odemish,None
Turkey_Of,Turkey,Of,None
Turkey_Ordu,Turkey,Ordu,Army
Turkey_Ortaca,Turkey,Ortaca,Middle Village
Turkey_Osmancik,Turkey,Osmancik,Little Osman
Turkey_Ovacik,Turkey,Ovacik,Plain Hamlet
Turkey_Pasinler,Turkey,Pasinler,None
Turkey_Polatli,Turkey,Polatli,None
Turkey_Rize,Turkey,Rize,None
Turkey_Rodosto,Turkey,Rodosto,None
Turkey_Safranbolu,Turkey,Safranbolu,Saffron Village
Turkey_Salihli,Turkey,Salihli,None
Turkey_Samsoun,Turkey,Samsoun,None
Turkey_Sandikli,Turkey,Sandikli,None
Turkey_Sarikamis,Turkey,Sarikamis,Yellow Pine
Turkey_Savur,Turkey,Savur,None
Turkey_Sebinkarahisar,Turkey,Sebinkarahisar,None
Turkey_Seferihisar,Turkey,Seferihisar,Traveler’s Fortress
Turkey_Sile,Turkey,Sile,None
Turkey_Silifke,Turkey,Silifke,None
Turkey_Silopi,Turkey,Silopi,None
Turkey_Simav,Turkey,Simav,None
Turkey_Sinope,Turkey,Sinope,None
Turkey_Sivas,Turkey,Sivas,None
Turkey_Sivrihisar,Turkey,Sivrihisar,Pointed Fortress
Turkey_Soke,Turkey,Soke,None
Turkey_Soma,Turkey,Soma,None
Turkey_Surmene,Turkey,Surmene,None
Turkey_Tarsus,Turkey,Tarsus,None
Turkey_Terme,Turkey,Terme,None
Turkey_Tire,Turkey,Tire,None
Turkey_Tireboli,Turkey,Tireboli,None
Turkey_Tireh,Turkey,Tireh,None
Turkey_Tokat,Turkey,Tokat,None
Turkey_Tosya,Turkey,Tosya,None
Turkey_Turgut,Turkey,Turgut,None
Turkey_Urfa,Turkey,Urfa,None
Turkey_Ushak,Turkey,Ushak,None
Turkey_Uzunkopru,Turkey,Uzunkopru,Long Bridge
Turkey_Yalva,Turkey,Yalvaç,None
Turkey_Yatagan,Turkey,Yatagan,None
Turkey_Yenice,Turkey,Yenice,New Place
Turkey_Yerkoy,Turkey,Yerkoy,None
Turkey_Yozgad,Turkey,Yozgad,None
Turkey_Yusufeli,Turkey,Yusufeli,Joseph’s Place
Turkey_Zile,Turkey,Zile,None
Turkey_Zonguldak,Turkey,Zonguldak,None
